date, pm25, pm10, o3, no2, so2, co
2025/4/1, 145, 111, 23, 42, 4, 8
2025/4/2, 208, 115, 27, 44, 9, 6
2025/4/3, 161, 103, 24, 35, 6, 6
2025/4/4, 159, 79, 23, 16, 4, 6
2025/4/5, 140, 90, 29, 24, 4, 6
2025/4/6, 148, 123, 34, 40, 3, 6
2025/4/7, 170, 113, 34, 11, 7, 7
2025/4/8, 168, 115, 40, 11, 7, 7
2025/4/9, 169, 161, 43, 11, 8, 5
2025/4/10, 186, 79, 25, 8, 7, 3
2025/4/11, 127, 55, 32, 9, 8, 9
2025/4/12, 97, 76, 40, 23, 8, 7
2025/4/13, 121, 97, 38, 24, 7, 4
2025/4/14, 157, 72, 37, 7, 12, 4
2025/4/15, 131, 90, 35, 13, 4, 9
2025/4/16, 151, 101, 44, 17, 5, 11
2025/4/17, 161, 104, 48, 8, 5, 9
2025/4/18, 163, 70, 27, 9, 5, 8
2025/4/19, 124, 81, 35, 8, 4, 9
2025/4/20, 141, 100, 41, 11, 5, 9
2025/4/21, 162, , , , , 
2025/1/1, 246, 133, 3, 45, 2, 2
2025/1/2, 207, 300, 5, 48, 4, 15
2025/1/3, 323, 196, 5, 41, 3, 12
2025/1/4, 267, 106, 2, 36, 3, 2
2025/1/5, 184, 119, 2, 40, 3, 2
2025/1/6, 200, 108, 3, 36, 2, 6
2025/1/7, 186, 128, 6, 40, 2, 6
2025/1/8, 262, 261, 11, 46, 2, 5
2025/1/9, 334, 138, 4, 38, 2, 3
2025/1/10, 232, 76, , 41, 3, 2
2025/1/11, 167, 88, , 38, 2, 2
2025/1/12, 177, 79, 2, 36, 3, 2
2025/1/13, 162, 105, 5, 39, 3, 3
2025/1/14, 189, 126, 6, 29, 2, 3
2025/1/15, 219, 116, 17, 30, 3, 16
2025/1/16, 208, 102, 6, 38, 2, 9
2025/1/17, 501, 101, 12, 40, 2, 10
2025/1/18, 380, 156, 10, 45, 2, 20
2025/1/19, 206, 213, 6, 43, 2, 11
2025/1/20, 242, 94, 4, 41, 2, 7
2025/1/21, 158, 111, 11, 33, 3, 13
2025/1/22, 165, 103, 6, 33, 2, 8
2025/1/23, 158, 76, 4, 35, 3, 5
2025/1/24, 138, 81, 4, 34, 3, 8
2025/1/25, 142, 99, 19, 34, 2, 11
2025/1/26, 157, 105, 4, 39, 2, 12
2025/1/27, 165, 129, 8, 47, 2, 12
2025/1/28, 176, 165, 5, 48, 2, 11
2025/1/29, 196, 200, 5, 41, 2, 2
2025/1/30, 219, 139, 6, 35, 2, 2
2025/1/31, 182, 142, 4, 39, 3, 2
2025/2/1, 186, 114, 2, 34, 2, 1
2025/2/2, 169, 105, 3, 34, 2, 2
2025/2/3, 164, 117, 3, 36, 2, 2
2025/2/4, 172, 84, 2, 34, 2, 1
2025/2/5, 145, 89, 3, 33, 2, 5
2025/2/6, 153, 71, 4, 29, 2, 4
2025/2/7, 133, 80, 5, 32, 2, 8
2025/2/8, 141, 109, 7, 39, 2, 11
2025/2/9, 167, 134, 5, 41, 2, 12
2025/2/10, 178, 121, 6, 36, 2, 6
2025/2/11, 173, 95, 3, 28, 3, 6
2025/2/12, 149, 67, 9, 26, 2, 4
2025/2/13, 121, 64, 3, 32, 3, 10
2025/2/14, 114, 147, 3, 69, 3, 15
2025/2/15, 188, 119, 7, 48, 4, 12
2025/2/16, 171, 107, 7, 51, 4, 11
2025/2/17, 165, 92, 4, 64, 2, 9
2025/2/18, 147, 87, 6, 54, 3, 9
2025/2/19, 150, 84, 8, 50, 1, 9
2025/2/20, 134, 69, 4, 29, 2, 8
2025/2/21, 126, 58, 5, 26, 1, 6
2025/2/22, 101, 68, 11, 27, 2, 4
2025/2/23, 122, 77, 7, 28, 2, 7
2025/2/24, 136, 90, 7, 51, 3, 17
2025/2/25, 148, 145, 6, 71, 4, 24
2025/2/26, 182, 77, 4, 37, 2, 8
2025/2/27, 124, 62, 2, 27, 2, 3
2025/2/28, 115, 79, 2, 27, 2, 4
2025/3/1, 161, 86, 3, 31, 3, 6
2025/3/2, 167, 118, 5, 35, 4, 5
2025/3/3, 194, 100, 3, 31, 2, 2
2025/3/4, 177, 87, 4, 26, 2, 1
2025/3/5, 166, 96, 5, 33, 2, 7
2025/3/6, 177, 124, 5, 47, 3, 13
2025/3/7, 205, 123, 6, 40, 6, 17
2025/3/8, 197, 139, 11, 45, 5, 20
2025/3/9, 219, 148, 12, 34, 4, 16
2025/3/10, 224, 202, 20, 40, 4, 21
2025/3/11, 276, 125, 11, 28, 4, 17
2025/3/12, 203, 126, 18, 26, 4, 23
2025/3/13, 200, 124, 17, 32, 4, 30
2025/3/14, 207, 60, 13, 20, 3, 15
2025/3/15, 133, 71, 15, 23, 4, 2
2025/3/16, 156, 76, 9, 24, 4, 2
2025/3/17, 160, 86, 28, 20, 5, 4
2025/3/18, 168, 116, 85, 16, 11, 4
2025/3/19, 194, 153, 80, 22, 12, 5
2025/3/20, 232, 99, 35, 14, 3, 9
2025/3/21, 177, 123, 35, 23, 6, 9
2025/3/22, 200, 132, 55, 18, 5, 2
2025/3/23, 211, 143, 57, 20, 9, 3
2025/3/24, 224, 170, 68, 22, 7, 7
2025/3/25, 239, 165, 28, 41, 8, 11
2025/3/26, 228, 148, 18, 48, 14, 24
2025/3/27, 205, 104, 17, 20, 3, 6
2025/3/28, 161, 72, 18, 11, 4, 6
2025/3/29, 121, 64, 21, 14, 4, 7
2025/3/30, 68, 65, 22, 16, 6, 8
2025/3/31, 96, 71, 22, 16, 5, 9
2024/10/1, 155, 137, 19, 16, 1, 16
2024/10/2, 157, 154, 36, 17, 4, 14
2024/10/3, 142, 135, 30, 17, 5, 5
2024/10/4, 142, 120, 72, 14, 3, 7
2024/10/5, 129, 109, 68, 14, 2, 4
2024/10/6, 132, 115, 31, 18, 2, 5
2024/10/7, 145, 156, 34, 22, 4, 4
2024/10/8, 176, 118, 24, 20, 3, 3
2024/10/9, 159, 97, 9, 23, 3, 2
2024/10/10, 134, 106, 9, 26, 4, 3
2024/10/11, 144, 138, 10, 28, 3, 7
2024/10/12, 184, 219, 40, 31, 10, 15
2024/10/13, 210, 163, 40, 33, 12, 13
2024/10/14, 195, 104, 55, 28, 8, 14
2024/10/15, 140, 122, 52, 42, 8, 20
2024/10/16, 154, 148, 48, 36, 7, 19
2024/10/17, 177, 141, 52, 36, 6, 20
2024/10/18, 167, 127, 84, 35, 12, 12
2024/10/19, 162, 125, 36, 28, 7, 12
2024/10/20, 172, 115, 37, 24, 8, 9
2024/10/21, 171, 127, 39, 29, 8, 13
2024/10/22, 182, 187, 32, 26, 7, 11
2024/10/23, 237, 115, 37, 21, 7, 8
2024/10/24, 176, 123, 32, 22, 8, 7
2024/10/25, 163, 236, 46, 29, 9, 11
2024/10/26, 254, 212, 37, 25, 7, 17
2024/10/27, 300, 127, 35, 20, 7, 8
2024/10/28, 172, 130, 20, 26, 7, 17
2024/10/29, 166, 183, 44, 29, 11, 14
2024/10/30, 189, 181, 29, 23, 14, 9
2024/10/31, 212, 334, 33, 20, 9, 16
2024/11/1, 303, 251, 40, 31, 6, 22
2024/11/2, 257, 148, 125, 32, 8, 21
2024/11/3, 189, 150, 83, 37, 7, 22
2024/11/4, 187, 136, 44, 31, 6, 25
2024/11/5, 176, 129, 39, 35, 7, 25
2024/11/6, 173, 142, 37, 29, 6, 21
2024/11/7, 186, 131, 32, 28, 6, 19
2024/11/8, 177, 108, 35, 18, 6, 8
2024/11/9, 161, 125, 47, 19, 7, 18
2024/11/10, 169, 125, 42, 28, 6, 18
2024/11/11, 212, 113, 58, 26, 7, 13
2024/11/12, 156, 366, 111, 27, 4, 21
2024/11/13, 341, 186, 80, 33, 5, 27
2024/11/14, 227, 170, 174, 33, 5, 23
2024/11/15, 208, 205, 136, 42, 5, 24
2024/11/16, 242, 192, 80, 30, 5, 13
2024/11/17, 224, 307, 100, 28, 5, 17
2024/11/18, 320, 228, 47, 20, 5, 16
2024/11/19, 248, 119, 36, 8, 5, 8
2024/11/20, 167, 142, 26, 20, 5, 23
2024/11/21, 174, 155, 21, 17, 5, 20
2024/11/22, 189, 159, 60, 14, 5, 16
2024/11/23, 189, 110, 13, 8, 5, 2
2024/11/24, 143, 114, 13, 21, 5, 11
2024/11/25, 168, 107, 12, 32, 5, 10
2024/11/26, 163, 138, 20, 40, 6, 15
2024/11/27, 192, 180, 54, 44, 5, 17
2024/11/28, 235, 165, 71, 47, 5, 17
2024/11/29, 208, 197, 27, 49, 5, 25
2024/11/30, 246, 145, 5, 38, 5, 14
2024/12/1, 215, 102, 8, 27, 6, 13
2024/12/2, 180, 103, 8, 34, 6, 9
2024/12/3, 154, 78, 12, 23, 5, 6
2024/12/4, 112, 160, 18, 27, 5, 9
2024/12/5, 167, 110, 12, 36, 5, 15
2024/12/6, 154, 143, 29, 52, 6, 22
2024/12/7, 185, 147, 11, 34, 5, 10
2024/12/8, 208, 68, 14, 23, 5, 5
2024/12/9, 132, 86, 18, 26, 4, 6
2024/12/10, 147, 88, 24, 28, 5, 8
2024/12/11, 145, 109, 18, 34, 6, 8
2024/12/12, 174, 92, 15, 25, 6, 5
2024/12/13, 151, 92, 12, 32, 5, 9
2024/12/14, 154, 149, 10, 50, 6, 18
2024/12/15, 205, 352, 7, 70, 6, 21
2024/12/16, 337, 373, 12, 65, 4, 27
2024/12/17, 390, 303, 7, 35, 2, 6
2024/12/18, 350, 321, 7, 40, 2, 8
2024/12/19, 358, 254, 3, 25, 2, 3
2024/12/20, 303, 164, 4, 23, 2, 3
2024/12/21, 233, 216, 6, 30, 2, 5
2024/12/22, 287, 167, 3, 25, 2, 3
2024/12/23, 245, 122, 8, 22, 2, 3
2024/12/24, 196, 127, 4, 21, 2, 3
2024/12/25, 218, 161, 7, 26, 2, 5
2024/12/26, 231, 95, 3, 19, 2, 2
2024/12/27, 183, 55, 2, 16, 2, 2
2024/12/28, 128, 77, 2, 15, 2, 2
2024/12/29, 162, , , , , 
2024/7/1, 101, 92, 21, 19, 7, 4
2024/7/2, 117, 63, 11, 17, 7, 4
2024/7/3, 83, 46, 13, 16, 7, 4
2024/7/4, 67, 49, 9, 17, 7, 4
2024/7/5, 71, 44, 11, 13, 7, 4
2024/7/6, 46, 26, 14, 12, 7, 3
2024/7/7, 19, 48, 13, 15, 7, 4
2024/7/8, 48, 68, 17, 15, 7, 4
2024/7/9, 101, , , , , 
2024/7/11, 145, 92, 15, 19, 7, 5
2024/7/12, 96, 88, 9, 21, 7, 4
2024/7/13, 126, 82, 29, 16, 7, 4
2024/7/14, 123, 96, 14, 16, 7, 4
2024/7/15, 147, 79, 9, 16, 7, 5
2024/7/16, 143, 68, 15, 15, 7, 4
2024/7/17, 80, 78, 10, 15, 7, 4
2024/7/18, 128, 92, 21, 15, 7, 4
2024/7/19, 155, 76, 24, 14, 7, 3
2024/7/20, 128, 72, 16, 15, 8, 4
2024/7/21, 109, 64, 14, 12, 7, 4
2024/7/22, 81, 56, 21, 13, 8, 3
2024/7/23, 92, 101, 38, 17, 7, 5
2024/7/24, 156, 56, 21, 14, 7, 4
2024/7/25, 89, 78, 26, 15, 7, 6
2024/7/26, 129, 66, 14, 11, 7, 6
2024/7/27, 96, 63, 12, 9, 7, 6
2024/7/28, 76, 61, 14, 8, 8, 7
2024/7/29, 80, 71, 15, 10, 6, 7
2024/7/30, 104, 67, 11, 11, 6, 5
2024/7/31, 96, 43, 13, 13, 7, 5
2024/8/1, 57, 57, 11, 13, 6, 6
2024/8/2, 90, 50, 11, 9, 6, 5
2024/8/3, 69, 44, 9, 10, 6, 5
2024/8/4, 49, 45, 10, 7, 6, 5
2024/8/5, 61, 42, 9, 8, 6, 5
2024/8/6, 47, 40, 6, 10, 6, 6
2024/8/7, 57, 37, 6, 10, 6, 6
2024/8/8, 59, 42, 6, 10, 7, 6
2024/8/9, 76, 59, 7, 9, 7, 6
2024/8/10, 106, 48, 7, 9, 7, 6
2024/8/11, 93, 44, 6, 9, 7, 6
2024/8/12, 73, 42, 7, 10, 7, 5
2024/8/13, 68, 66, 8, 10, 7, 6
2024/8/14, 102, 51, 9, 9, 7, 6
2024/8/15, 83, 50, 9, 8, 7, 6
2024/8/16, 66, 73, 14, 12, 7, 7
2024/8/17, 112, 66, 9, 12, 7, 6
2024/8/18, 91, 65, 8, 11, 7, 6
2024/8/19, 91, 45, 9, 13, 7, 6
2024/8/20, 74, 65, 17, 12, 7, 6
2024/8/21, 92, 65, 14, 13, 5, 6
2024/8/22, 98, 65, 9, 16, 1, 6
2024/8/23, 101, 76, 10, 13, 1, 6
2024/8/24, 124, 43, 8, 10, 1, 5
2024/8/25, 74, 44, 8, 10, 1, 5
2024/8/26, 78, 45, 7, 10, 2, 4
2024/8/27, 59, 40, 8, 12, 1, 4
2024/8/28, 64, 47, 13, 14, 1, 6
2024/8/29, 75, 79, 14, 15, 1, 6
2024/8/30, 121, 77, 10, 14, 1, 5
2024/8/31, 107, 82, 10, 12, 2, 5
2024/9/1, 134, 55, 8, 10, 1, 4
2024/9/2, 82, 59, 9, 11, 1, 5
2024/9/3, 94, 42, 7, 12, 1, 6
2024/9/4, 67, 68, 23, 15, 1, 7
2024/9/5, 123, 48, 5, 12, 1, 6
2024/9/6, 79, 55, 9, 13, 1, 6
2024/9/7, 88, 86, 10, 14, 1, 6
2024/9/8, 146, 83, 14, 15, 1, 7
2024/9/9, 134, 66, 12, 16, 1, 6
2024/9/10, 102, 70, 7, 16, 2, 8
2024/9/11, 101, 22, 9, 11, 1, 6
2024/9/12, 42, 28, 5, 13, 1, 5
2024/9/13, 57, 68, 10, 13, 3, 5
2024/9/14, 89, 98, 8, 14, 1, 5
2024/9/15, 113, 134, 9, 15, 1, 7
2024/9/16, 139, 127, 10, 16, 1, 10
2024/9/17, 147, 59, 5, 15, , 9
2024/9/18, 112, 52, 7, 16, 1, 8
2024/9/19, 91, 75, 12, 15, 1, 11
2024/9/20, 98, 94, 12, 16, 1, 17
2024/9/21, 115, 126, 11, 15, 1, 24
2024/9/22, 167, 141, 12, 14, 1, 16
2024/9/23, 180, 142, 13, 15, , 15
2024/9/24, 180, 121, 7, 15, 1, 16
2024/9/25, 156, 60, 4, 14, 1, 11
2024/9/26, 73, 50, 12, 13, 1, 13
2024/9/27, 41, 45, 20, 14, 1, 15
2024/9/28, 41, 55, 20, 14, 1, 7
2024/9/29, 67, 111, 36, 14, 1, 7
2024/9/30, 156, 112, 23, 15, , 9
2024/4/1, 70, , , , , 
2024/4/3, 117, 104, 7, 38, 4, 5
2024/4/4, 132, 86, 4, 16, 4, 5
2024/4/5, 72, , , , , 
2024/4/7, 378, 134, 1, 29, 6, 9
2024/4/8, 363, 135, 15, 24, 7, 9
2024/4/9, 131, 142, 15, 25, 5, 7
2024/4/10, 143, 191, 12, 24, 5, 7
2024/4/11, 143, , , , , 
2024/4/13, 137, 109, 15, 15, 5, 6
2024/4/14, 123, 157, 19, 17, 8, 13
2024/4/15, 157, 164, 10, 19, 5, 10
2024/4/16, 151, 106, 11, 22, 6, 5
2024/4/17, 103, 121, 12, 20, 6, 6
2024/4/18, 113, 151, 10, 21, 6, 6
2024/4/19, 137, 182, 10, 17, 7, 6
2024/4/20, 164, 120, 14, 19, 8, 7
2024/4/21, 107, 99, 41, 15, 8, 6
2024/4/22, 88, 149, 47, 16, 5, 6
2024/4/23, 127, 126, 42, 18, 6, 8
2024/4/24, 127, 125, 31, 17, 6, 8
2024/4/25, 98, , , , , 
2024/4/27, 134, 136, 31, 15, 5, 6
2024/4/28, 126, 195, 22, 18, 4, 6
2024/4/29, 145, 136, 23, 16, 3, 6
2024/4/30, 127, 147, 19, 18, 3, 6
2024/5/1, 110, 134, 23, 17, 3, 5
2024/5/2, 129, 141, 22, 17, 1, 6
2024/5/3, 135, 154, 20, 19, 2, 6
2024/5/4, 156, 261, 17, 25, 3, 15
2024/5/5, 176, 199, 16, 20, 4, 7
2024/5/6, 151, 221, 16, 15, 1, 6
2024/5/7, 162, 157, 11, 11, 2, 9
2024/5/8, 131, 106, 12, 11, 3, 4
2024/5/9, 87, 122, 12, 12, 2, 6
2024/5/10, 115, 109, 64, 7, 1, 6
2024/5/11, 94, , , , , 
2024/5/13, 163, 163, 42, 24, 1, 11
2024/5/14, 153, 278, 4, 34, 8, 46
2024/5/15, 179, 125, 25, 29, 2, 6
2024/5/16, 124, 286, 17, 41, 3, 12
2024/5/17, 175, 231, 8, 40, 3, 14
2024/5/18, 165, 196, 9, 28, 4, 6
2024/5/19, 169, 176, 10, 29, 3, 6
2024/5/20, 155, 224, 12, 25, 3, 6
2024/5/21, 146, 134, 13, 16, 3, 5
2024/5/22, 133, 103, 13, 12, 3, 3
2024/5/23, 90, 103, 13, 12, 3, 4
2024/5/24, 101, 136, 17, 14, 3, 5
2024/5/25, 135, 175, 14, 20, 4, 12
2024/5/26, 152, 273, 25, 20, 3, 21
2024/5/27, 179, 177, 28, 19, 3, 11
2024/5/28, 150, 213, 26, 19, 3, 6
2024/5/29, 155, 158, 55, 14, 5, 7
2024/5/30, 149, 159, 56, 20, 4, 11
2024/5/31, 154, 490, 25, 12, 4, 11
2024/6/1, 145, 190, , , , 
2024/6/2, 165, 152, 27, 25, 5, 12
2024/6/3, 129, 210, 28, 28, 4, 12
2024/6/4, 165, 235, 25, 20, 5, 7
2024/6/5, 144, 118, 24, 19, 6, 8
2024/6/6, 131, 241, 37, 15, 5, 6
2024/6/7, 117, 138, 29, 24, 5, 10
2024/6/8, 119, 124, 18, 16, 7, 7
2024/6/9, 134, 130, 44, 21, 8, 8
2024/6/10, 125, 145, 31, 34, 4, 15
2024/6/11, 130, 173, 33, 37, 2, 13
2024/6/12, 137, 150, 22, 25, 1, 11
2024/6/13, 125, 187, 20, 13, 1, 6
2024/6/14, 108, 133, 25, 11, 2, 8
2024/6/15, 93, 145, 27, 15, 2, 33
2024/6/16, 128, 104, 21, 12, 2, 4
2024/6/17, 79, 152, 20, 16, 2, 6
2024/6/18, 143, 202, 19, 13, 2, 7
2024/6/19, 123, 237, 27, 11, 7, 6
2024/6/20, 118, 113, 21, 20, 7, 2
2024/6/21, 155, 132, 31, 22, 6, 4
2024/6/22, 202, 98, 28, 12, 6, 3
2024/6/23, 166, 103, 23, 13, 7, 4
2024/6/24, 222, 90, 30, 13, 6, 5
2024/6/25, 182, 87, 20, 12, 6, 4
2024/6/26, 150, 52, 7, 14, 7, 4
2024/6/27, 113, 47, 12, 13, 7, 4
2024/6/28, 126, 85, 14, 17, 7, 4
2024/6/29, 154, 82, 20, 14, 7, 3
2024/6/30, 146, 75, 26, 16, 7, 4
2024/1/1, 178, 158, 6, 41, 5, 2
2024/1/2, 175, 138, 10, 39, 5, 3
2024/1/3, 169, 230, 6, 41, 6, 4
2024/1/4, 204, 171, 6, 37, 6, 3
2024/1/5, 181, 199, 6, 39, 6, 3
2024/1/6, 195, 154, 8, 38, 6, 2
2024/1/7, 179, 444, 13, 49, 6, 6
2024/1/8, 396, 193, 5, 40, 6, 3
2024/1/9, 190, 114, 7, 46, 6, 1
2024/1/10, 159, 180, 3, 37, 6, 3
2024/1/11, 191, 188, 3, 46, 6, 3
2024/1/12, 190, 324, 19, 47, 6, 8
2024/1/13, 254, 551, 9, 53, 5, 17
2024/1/14, 347, 228, 3, 53, 5, 2
2024/1/15, 188, 166, 3, 41, 4, 4
2024/1/16, 189, 168, 3, 38, 5, 3
2024/1/17, 183, 129, 3, 37, 6, 2
2024/1/18, 166, 120, 2, 34, 5, 3
2024/1/19, 164, 167, 2, 33, 3, 4
2024/1/20, 179, 191, 2, 49, 5, 4
2024/1/21, 194, 230, 2, 37, 6, 3
2024/1/22, 207, 205, 2, 37, 5, 3
2024/1/23, 195, 233, 3, 46, 6, 3
2024/1/24, 206, 303, 3, 45, 6, 5
2024/1/25, 299, 369, 3, 39, 5, 9
2024/1/26, 260, 229, 2, 47, 5, 7
2024/1/27, 206, 270, 3, 46, 6, 7
2024/1/28, 215, 217, 3, 40, 6, 5
2024/1/29, 192, 229, 3, 39, 5, 4
2024/1/30, 202, 304, 3, 34, 6, 4
2024/1/31, 274, 48, 10, 17, 6, 1
2024/2/1, 134, 95, 13, 30, 6, 2
2024/2/2, 137, 551, 3, 48, 6, 19
2024/2/3, 261, 112, 5, 20, 5, 2
2024/2/4, 144, 88, 10, 15, 5, 1
2024/2/5, 116, 207, 13, 19, 6, 1
2024/2/6, 234, 89, 12, 18, 6, 
2024/2/7, 272, 84, 14, 23, 5, 2
2024/2/8, 104, 133, 18, 38, 5, 10
2024/2/9, 121, 241, 12, 51, 5, 15
2024/2/10, 195, 184, 12, 46, 5, 6
2024/2/11, 185, 105, 11, 40, 8, 4
2024/2/12, 149, 258, 12, 52, 4, 19
2024/2/13, 205, 180, 8, 58, 4, 10
2024/2/14, 172, 132, 10, 49, 5, 7
2024/2/15, 153, 143, 7, 22, 5, 9
2024/2/16, 147, 202, 9, 25, 5, 14
2024/2/17, 175, 133, 4, 21, 4, 5
2024/2/18, 143, 123, 10, 16, 4, 5
2024/2/19, 140, 126, 21, 14, 6, 13
2024/2/20, 164, 121, 21, 17, 5, 7
2024/2/21, 143, 114, 19, 22, 6, 6
2024/2/22, 130, 108, 14, 22, 5, 5
2024/2/23, 138, 120, 7, 28, 6, 9
2024/2/24, 151, 93, 15, 21, 6, 6
2024/2/25, 117, 94, 13, 22, 6, 6
2024/2/26, 120, 79, 26, 17, 6, 5
2024/2/27, 98, 73, 23, 11, 6, 4
2024/2/28, 63, 85, 24, 18, 6, 6
2024/2/29, 89, 138, 22, 29, 6, 7
2024/3/1, 149, 50, 19, 10, 6, 4
2024/3/2, 46, 76, 19, 11, 5, 5
2024/3/3, 85, 70, 31, 12, 6, 4
2024/3/4, 75, 79, 28, 13, 6, 4
2024/3/5, 90, 77, 27, 14, 5, 5
2024/3/6, 95, 114, 27, 20, 5, 6
2024/3/7, 132, 84, 19, 18, 5, 5
2024/3/8, 96, 81, 20, 19, 5, 6
2024/3/9, 96, 100, 11, 23, 5, 6
2024/3/10, 119, 130, 5, 26, 7, 9
2024/3/11, 159, 116, 17, 23, 6, 7
2024/3/12, 141, 87, 14, 36, 4, 6
2024/3/13, 94, 134, 20, 30, 3, 11
2024/3/14, 161, , , , , 
2024/3/16, 213, 102, 23, 25, 5, 6
2024/3/17, 250, 98, 22, 24, 5, 5
2024/3/18, 192, 136, 14, 29, 5, 8
2024/3/19, 140, 292, 11, 31, 6, 8
2024/3/20, 276, 105, 8, 36, 2, 7
2024/3/21, 112, 108, 11, 27, 2, 9
2024/3/22, 108, 180, 7, 21, 2, 14
2024/3/23, 156, 136, 4, 22, 2, 8
2024/3/24, 127, 197, 6, 20, 2, 13
2024/3/25, 169, 94, 11, 20, 2, 3
2024/3/26, 106, 103, 18, 17, 3, 4
2024/3/27, 114, 105, 18, 17, 4, 4
2024/3/28, 112, 101, 4, 16, 3, 2
2024/3/29, 127, 150, 5, 19, 2, 13
2024/3/30, 139, 129, 8, 16, 2, 6
2024/3/31, 256, 75, 7, 17, 2, 1
2023/10/1, 100, 104, 75, 23, 4, 4
2023/10/2, 104, 102, 33, 25, 3, 3
2023/10/3, 95, 112, 32, 24, 3, 4
2023/10/4, 110, 112, 30, 27, 3, 5
2023/10/5, 110, 123, 31, 30, 8, 7
2023/10/6, 123, 119, 32, 28, 4, 7
2023/10/7, 118, 98, 19, 26, 3, 6
2023/10/8, 95, 99, 61, 25, 4, 6
2023/10/9, 96, 108, 18, 27, 3, 5
2023/10/10, 106, 99, 20, 25, 3, 4
2023/10/11, 109, 111, 32, 27, 8, 5
2023/10/12, 129, 132, 53, 33, 4, 5
2023/10/13, 143, 122, 46, 29, 3, 7
2023/10/14, 130, 111, 75, 28, 2, 7
2023/10/15, 110, 94, 17, 23, 3, 6
2023/10/16, 84, 56, 26, 24, 4, 4
2023/10/17, 60, 84, 35, 24, 6, 2
2023/10/18, 92, 85, 32, 24, 4, 3
2023/10/19, 93, 100, 36, 28, 4, 3
2023/10/20, 126, 125, 70, 34, 4, 5
2023/10/21, 147, 135, 55, 33, 3, 3
2023/10/22, 156, 113, 20, 29, 4, 4
2023/10/23, 131, 105, 48, 29, 4, 4
2023/10/24, 125, 122, 37, 32, 5, 4
2023/10/25, 139, 110, 22, 32, 4, 4
2023/10/26, 128, 156, 35, 42, 4, 12
2023/10/27, 146, 176, 52, 45, 3, 11
2023/10/28, 158, 183, 26, 42, 4, 6
2023/10/29, 166, 175, 29, 42, 4, 3
2023/10/30, 159, 170, 20, 38, 3, 5
2023/10/31, 170, 155, 91, 39, 4, 5
2023/11/1, 160, 277, 61, 39, 6, 9
2023/11/2, 196, 277, 83, 41, 4, 19
2023/11/3, 193, 303, 78, 44, 4, 31
2023/11/4, 203, 304, 80, 44, 3, 36
2023/11/5, 215, 218, 49, 49, 6, 23
2023/11/6, 194, 225, 91, 51, 4, 7
2023/11/7, 187, 214, 80, 49, 4, 5
2023/11/8, 193, 250, 53, 51, 3, 6
2023/11/9, 201, 157, 36, 29, 5, 2
2023/11/10, 118, 156, 49, 29, 10, 3
2023/11/11, 154, , , , , 
2023/11/19, 250, 340, 197, 47, 6, 5
2023/11/20, 263, , , , , 
2023/11/22, 203, 382, 16, 71, 5, 6
2023/11/23, 289, 730, 9, 64, 4, 13
2023/11/24, 407, 345, 30, 78, 7, 28
2023/11/25, 238, 204, 26, 66, 4, 11
2023/11/26, 204, 118, 12, 40, 6, 3
2023/11/27, 163, 98, 98, 44, 5, 3
2023/11/28, 144, 130, 113, 45, 5, 7
2023/11/29, 213, 175, 106, 47, 5, 12
2023/11/30, 197, 147, 129, 41, 5, 5
2023/12/1, 187, 125, 35, 45, 6, 8
2023/12/2, 164, 454, 97, 47, 5, 8
2023/12/3, 159, 396, 184, 52, 5, 6
2023/12/4, 167, 103, 48, 42, 6, 3
2023/12/5, 152, , , , , 
2023/12/7, 197, 115, 7, 57, 5, 4
2023/12/8, 153, 130, 11, 60, 5, 5
2023/12/9, 168, 109, 8, 57, 5, 3
2023/12/10, 198, 144, 2, 66, 5, 8
2023/12/11, 194, 199, , 73, 4, 10
2023/12/12, 226, , , , , 
2023/12/14, 161, 288, 21, 71, 5, 10
2023/12/15, 218, 262, 30, 72, 5, 8
2023/12/16, 206, 206, 5, 65, 5, 6
2023/12/17, 188, 154, 4, 56, 5, 3
2023/12/18, 174, 122, 4, 55, 6, 2
2023/12/19, 151, 142, 4, 58, 5, 3
2023/12/20, 166, 351, 10, 73, 5, 8
2023/12/21, 229, 364, 6, 72, 5, 11
2023/12/22, 249, 360, 5, 73, 5, 10
2023/12/23, 243, 351, 9, 72, 4, 12
2023/12/24, 249, 335, 4, 56, 5, 3
2023/12/25, 181, 309, 6, 59, 5, 5
2023/12/26, 202, 362, 10, 53, 5, 6
2023/12/27, 250, 167, 3, 32, 5, 3
2023/12/28, 183, 200, 7, 33, 5, 3
2023/12/29, 200, 169, 10, 45, 6, 3
2023/12/30, 185, 160, 5, 47, 5, 2
2023/12/31, 181, 160, 6, 40, 5, 2
2023/7/1, 22, 38, 14, 7, 3, 14
2023/7/2, 36, 66, 17, 10, 3, 16
2023/7/3, 70, 68, 9, 11, 3, 15
2023/7/4, 66, 50, 10, 6, 3, 15
2023/7/5, 51, 31, 4, 8, 3, 14
2023/7/6, 49, 43, 4, 8, 3, 10
2023/7/7, 41, 31, 12, 10, 3, 10
2023/7/8, 42, 18, 8, 7, 3, 5
2023/7/9, 30, 32, 7, 9, 3, 6
2023/7/10, 40, 43, 19, 8, 3, 6
2023/7/11, 57, 41, 12, 7, 3, 5
2023/7/12, 44, 41, 11, 6, 3, 4
2023/7/13, 39, 49, 8, 8, 3, 5
2023/7/14, 54, 58, 11, 10, 3, 6
2023/7/15, 62, 44, 25, 9, 3, 5
2023/7/16, 36, 62, 11, 15, 3, 9
2023/7/17, 68, 54, 4, 9, 3, 4
2023/7/18, 53, 42, 6, 4, 3, 3
2023/7/19, 36, 58, 8, 7, 3, 5
2023/7/20, 56, 69, 6, 12, 3, 6
2023/7/21, 69, 51, 6, 7, 3, 3
2023/7/22, 44, 47, 6, 9, 3, 3
2023/7/23, 36, 48, 6, 10, 3, 3
2023/7/24, 36, 55, 5, 9, 3, 4
2023/7/25, 53, 27, 7, 12, 3, 5
2023/7/26, 23, 62, 10, 14, 3, 6
2023/7/27, 60, 49, 17, 15, 3, 5
2023/7/28, 49, 23, 18, 10, 3, 5
2023/7/29, 23, 46, 6, 11, 3, 5
2023/7/30, 35, 60, 6, 11, 3, 5
2023/7/31, 65, 57, 6, 9, 3, 4
2023/8/1, 47, 60, 5, 11, 3, 5
2023/8/2, 49, 56, 11, 9, 3, 4
2023/8/3, 49, 57, 8, 12, 3, 6
2023/8/4, 55, 55, 9, 14, 4, 7
2023/8/5, 64, 59, 5, 11, 3, 5
2023/8/6, 57, 65, 5, 8, 3, 2
2023/8/7, 53, 75, 4, 8, 3, 3
2023/8/8, 57, 79, 5, 11, 3, 4
2023/8/9, 66, 74, 10, 10, 3, 4
2023/8/10, 65, 76, 5, 12, 3, 5
2023/8/11, 69, 79, 5, 9, 3, 3
2023/8/12, 62, 63, 5, 8, 3, 3
2023/8/13, 50, 69, 5, 9, 3, 3
2023/8/14, 60, 61, 16, 10, 3, 5
2023/8/15, 66, 77, 6, 15, 3, 5
2023/8/16, 74, 85, 26, 12, 3, 4
2023/8/17, 73, 94, 5, 10, 3, 4
2023/8/18, 81, 53, 6, 14, 3, 6
2023/8/19, 66, 47, 5, 8, 3, 5
2023/8/20, 49, 53, 10, 11, 2, 5
2023/8/21, 54, 53, 7, 6, 2, 5
2023/8/22, 52, 30, 18, 9, 4, 3
2023/8/23, 41, 61, 7, 12, 4, 3
2023/8/24, 52, 74, 6, 9, 4, 2
2023/8/25, 56, 97, 6, 10, 4, 2
2023/8/26, 79, 112, 5, 8, 4, 2
2023/8/27, 89, 102, 10, 9, 4, 2
2023/8/28, 85, 93, 9, 10, 4, 2
2023/8/29, 76, 94, 18, 9, 4, 2
2023/8/30, 80, 90, 9, 9, 4, 3
2023/8/31, 78, 87, 5, 7, 4, 2
2023/9/1, 68, 86, 8, 7, 4, 7
2023/9/2, 67, 85, 6, 6, 4, 11
2023/9/3, 66, 80, 7, 2, 4, 11
2023/9/4, 62, 60, 10, 5, 3, 9
2023/9/5, 50, 55, 7, 10, 2, 4
2023/9/6, 38, 63, 17, 34, 1, 
2023/9/7, 64, 45, 5, 13, 1, 2
2023/9/8, 26, 18, 5, 6, 2, 3
2023/9/9, 9, 9, 5, 4, 2, 3
2023/9/10, 8, 35, 5, 9, 1, 4
2023/9/11, 29, 51, 5, 11, 2, 4
2023/9/12, 48, 52, 5, 11, 1, 4
2023/9/13, 47, 59, 4, 9, 2, 3
2023/9/14, 57, 41, 3, 12, 2, 4
2023/9/15, 34, 36, 6, 9, 2, 3
2023/9/16, 30, 31, 4, 5, 2, 3
2023/9/17, 28, 31, 4, 5, 2, 3
2023/9/18, 21, 40, 4, 7, 2, 3
2023/9/19, 35, 64, 5, 17, 1, 5
2023/9/20, 60, 56, 4, 14, 2, 4
2023/9/21, 52, 71, 4, 12, 1, 3
2023/9/22, 77, 51, 4, 17, 1, 5
2023/9/23, 60, 75, 4, 21, 2, 5
2023/9/24, 89, 70, 3, 15, 2, 3
2023/9/25, 81, 85, 4, 15, 2, 4
2023/9/26, 94, 99, 4, 16, 4, 3
2023/9/27, 98, 97, 4, 15, 4, 4
2023/9/28, 90, 109, 4, 20, 4, 4
2023/9/29, 110, 107, 31, 18, 4, 4
2023/9/30, 108, 102, 54, 17, 3, 3
2023/4/3, 86, 67, 18, 17, 10, 18
2023/4/4, 72, 91, 19, 19, 9, 17
2023/4/5, 91, 88, 17, 17, 9, 16
2023/4/6, 77, 81, 20, 18, 9, 16
2023/4/7, 79, 94, 24, 22, 9, 18
2023/4/8, 98, 130, 35, 29, 10, 25
2023/4/9, 127, 135, 27, 31, 10, 23
2023/4/10, 131, 128, 22, 31, 9, 26
2023/4/11, 124, 113, 19, 19, 9, 15
2023/4/12, 114, 126, 20, 23, 9, 17
2023/4/13, 100, 138, 22, 31, 8, 27
2023/4/14, 128, 169, 27, 42, 8, 22
2023/4/15, 136, 119, 18, 28, 8, 24
2023/4/16, 110, 135, 27, 34, 9, 19
2023/4/17, 115, 135, 53, 32, 11, 26
2023/4/18, 113, 151, 19, 13, 9, 14
2023/4/19, 107, 82, 16, 13, 10, 16
2023/4/20, 73, 79, 18, 11, 9, 15
2023/4/21, 67, 78, 21, 11, 9, 14
2023/4/22, 68, , , , , 
2023/4/24, 59, 113, 25, 16, 9, 18
2023/4/25, 82, 110, 31, 23, 3, 17
2023/4/26, 114, 142, 30, 18, 3, 15
2023/4/27, 106, 86, 20, 22, 7, 16
2023/4/28, 92, 110, 20, 25, 5, 15
2023/4/29, 102, 54, 16, 14, 4, 14
2023/4/30, 64, 50, 3, 11, 4, 14
2023/5/1, 60, 41, 7, 8, 3, 13
2023/5/2, 50, 54, 6, , 3, 14
2023/5/3, 65, 69, 23, 23, 3, 16
2023/5/4, 88, 101, 12, 27, 3, 21
2023/5/5, 112, 109, 35, 28, 4, 19
2023/5/6, 110, 87, 19, 19, 4, 14
2023/5/7, 88, 70, 15, 14, 4, 14
2023/5/8, 70, 114, 25, 28, 4, 17
2023/5/9, 120, 104, 27, 23, 4, 17
2023/5/10, 107, 147, 35, 46, 4, 28
2023/5/11, 133, 122, 35, 33, 4, 20
2023/5/12, 121, 126, 33, 32, 4, 23
2023/5/13, 122, 131, 27, 22, 4, 18
2023/5/14, 120, 91, 27, 16, 4, 13
2023/5/15, 56, 370, 18, 16, 4, 13
2023/5/16, 160, 176, 15, 24, 5, 14
2023/5/17, 124, 70, 22, 11, 5, 12
2023/5/18, 68, 82, 26, 13, 7, 13
2023/5/19, 84, , , , , 
2023/5/22, 92, 150, 14, 15, 2, 13
2023/5/23, 81, 78, 10, 8, 1, 12
2023/5/24, 51, 68, 25, 10, 2, 11
2023/5/25, 46, 48, 20, 12, 2, 11
2023/5/26, 38, 48, 12, 17, 4, 14
2023/5/27, 49, 80, 16, 17, 3, 15
2023/5/28, 90, 83, 10, 15, 3, 14
2023/5/29, 70, 61, 18, 13, 4, 14
2023/5/30, 72, 43, 11, 12, 3, 13
2023/5/31, 51, 68, 17, 16, 4, 14
2023/6/1, 79, 72, 20, 14, 3, 13
2023/6/2, 75, 75, 21, 16, 3, 15
2023/6/3, 84, 87, 12, 18, 4, 15
2023/6/4, 101, 80, 20, 11, 3, 15
2023/6/5, 77, 118, 25, , 4, 12
2023/6/6, 80, 142, 21, 14, 6, 13
2023/6/7, 102, 87, 22, 6, 5, 14
2023/6/8, 79, 92, 18, 13, 3, 12
2023/6/9, 78, 90, 13, 14, 4, 12
2023/6/10, 65, 83, 15, 10, 4, 12
2023/6/11, 68, 93, 14, 11, 3, 12
2023/6/12, 75, 121, 8, 12, 3, 12
2023/6/13, 87, 116, 8, 9, 4, 11
2023/6/14, 77, 83, 11, 10, 4, 13
2023/6/15, 68, 68, 9, 14, 4, 17
2023/6/16, 59, 70, 11, 12, 3, 16
2023/6/17, 66, 54, 6, 7, 3, 13
2023/6/18, 53, 42, 40, 9, 6, 15
2023/6/19, 44, 53, 8, 7, 3, 14
2023/6/20, 60, 58, 11, 11, 4, 15
2023/6/21, 59, 67, 23, 12, 4, 16
2023/6/22, 71, 77, 15, 10, 3, 16
2023/6/23, 79, 72, 5, 11, 3, 17
2023/6/24, 72, 29, 20, 10, 3, 15
2023/6/25, 40, 52, 14, 11, 3, 15
2023/6/26, 62, 40, 22, 10, 3, 15
2023/6/27, 45, 54, 35, 14, 4, 17
2023/6/28, 49, 49, 2, 11, 3, 15
2023/6/29, 49, 32, 9, 7, 3, 15
2023/6/30, 37, 34, 5, 7, 2, 14
2023/1/2, 190, 177, 2, 11, 5, 1
2023/1/3, 194, 144, 32, 17, 6, 1
2023/1/4, 209, 387, 29, 30, 5, 2
2023/1/5, 228, 431, 30, 31, 8, 2
2023/1/6, 238, 233, 9, 34, 6, 2
2023/1/7, 226, 203, 11, 31, 7, 3
2023/1/8, 222, 322, 10, 37, 7, 6
2023/1/9, 294, 194, 4, 29, 6, 3
2023/1/10, 228, 137, 3, 26, 6, 1
2023/1/11, 183, 135, 2, 23, 5, 2
2023/1/12, 180, 141, 4, 20, 5, 2
2023/1/13, 180, 126, 3, 19, 6, 1
2023/1/14, 169, 85, 8, 21, 8, 
2023/1/15, 114, 125, 6, 32, 6, 1
2023/1/16, 149, 122, 8, 34, 6, 2
2023/1/17, 154, 169, 8, 37, 6, 4
2023/1/18, 191, 196, 5, 45, 6, 3
2023/1/19, 191, 81, 4, 17, 6, 
2023/1/20, 107, 159, 6, 30, 6, 2
2023/1/21, 176, 169, 5, 31, 5, 3
2023/1/22, 185, 149, 9, 28, 6, 5
2023/1/23, 175, 78, 2, 17, 6, 
2023/1/24, 98, 95, 2, 26, 6, 1
2023/1/25, 134, 109, 2, 16, 6, 1
2023/1/26, 165, 91, 2, 20, 6, 
2023/1/27, 132, 117, 5, 28, 6, 2
2023/1/28, 153, 159, 3, 29, 6, 3
2023/1/29, 189, 75, 4, 17, 7, 3
2023/1/30, 102, 80, 2, 15, 6, 1
2023/1/31, 118, 79, 2, 18, 6, 
2023/2/1, 117, 85, 1, 22, 6, 
2023/2/2, 115, 98, , 28, 6, 4
2023/2/3, 128, 113, , 31, 6, 9
2023/2/4, 145, 127, , 29, 6, 9
2023/2/5, 135, 161, , 26, 6, 27
2023/2/6, 159, 127, , 23, 7, 9
2023/2/7, 136, 85, , 24, 7, 5
2023/2/8, 101, 107, , 26, 6, 4
2023/2/9, 126, 98, , 19, 6, 1
2023/2/10, 119, 118, 8, 24, 5, 5
2023/2/11, 150, 82, 26, 15, 4, 8
2023/2/12, 79, 81, 31, 13, 3, 8
2023/2/13, 64, 79, 35, 20, 4, 10
2023/2/14, 81, 98, 36, 26, 4, 12
2023/2/15, 117, 182, 50, 34, 4, 16
2023/2/16, 174, 214, 33, 33, 3, 30
2023/2/17, 187, 194, 59, 36, 4, 19
2023/2/18, 182, 154, 46, 24, 3, 4
2023/2/19, 169, 134, 47, 21, 3, 2
2023/2/20, 148, 111, 51, 20, 3, 1
2023/2/21, 132, 145, 43, 24, 2, 2
2023/2/22, 158, 90, 34, 23, 3, 1
2023/2/23, 100, 93, 41, 23, 3, 1
2023/2/24, 101, 134, 57, 32, 3, 3
2023/2/25, 139, 129, 65, 30, 4, 2
2023/2/26, 157, 123, 37, 31, 4, 3
2023/2/27, 144, 108, 16, 25, 6, 1
2023/2/28, 124, 111, 13, 21, 7, 2
2023/3/1, 109, 114, 18, 24, 6, 1
2023/3/2, 128, 81, 30, 17, 5, 
2023/3/3, 86, 80, 30, 18, 6, 
2023/3/4, 75, 75, 36, 15, 6, 
2023/3/5, 80, 78, 42, 17, 6, 
2023/3/6, 84, 92, 51, 25, 6, 2
2023/3/7, 99, 163, 46, 21, 12, 5
2023/3/8, 146, 83, 42, 17, 7, 1
2023/3/9, 84, 85, 49, 18, 5, 
2023/3/10, 95, 100, 55, 23, 7, 2
2023/3/11, 110, 118, 67, 23, 8, 2
2023/3/12, 132, 114, 65, 25, 6, 8
2023/3/13, 133, 102, 50, 21, 5, 18
2023/3/14, 121, 128, 60, 32, 7, 28
2023/3/15, 142, 117, 19, 21, 8, 17
2023/3/16, 126, 104, 17, 19, 8, 14
2023/3/17, 118, 59, 7, 14, 8, 12
2023/3/18, 81, 79, 28, 15, 10, 16
2023/3/19, 116, 82, 31, 13, 8, 15
2023/3/20, 97, 44, 11, 9, 9, 12
2023/3/21, 59, 82, 17, 29, 9, 20
2023/3/22, 95, 78, 16, 22, 9, 20
2023/3/23, 90, 93, 14, 20, 10, 24
2023/3/24, 116, 47, 19, 11, 9, 18
2023/3/25, 53, 90, 16, 13, 9, 15
2023/3/26, 101, 70, 17, 13, 8, 15
2023/3/27, 83, 78, 19, 17, 9, 18
2023/3/28, 97, 99, 23, 21, 11, 25
2023/3/29, 119, 74, 21, 15, 9, 20
2023/3/30, 95, 28, 9, 10, 9, 15
2023/3/31, 47, , , , , 
2022/10/1, 167, 120, 24, 12, 4, 
2022/10/2, 147, 98, 28, 8, 6, 
2022/10/3, 114, 128, 41, 12, 6, 
2022/10/4, 163, 135, 29, 11, 6, 
2022/10/5, 174, 33, 8, 2, 7, 
2022/10/6, 32, 25, 5, 4, 5, 
2022/10/7, 42, 17, 6, 4, 6, 
2022/10/8, 30, 7, 6, 4, 4, 
2022/10/9, 11, 18, 5, 4, 4, 
2022/10/10, 34, 51, 12, 7, 5, 
2022/10/11, 79, 122, 20, 12, 3, 
2022/10/12, 163, 100, 24, 11, 4, 
2022/10/13, 129, 121, 36, 12, 5, 
2022/10/14, 156, 122, 37, 10, 3, 
2022/10/15, 161, 180, 39, 14, 5, 
2022/10/16, 205, , , , , 
2022/10/24, 249, 167, 19, 22, 6, 5
2022/10/25, 190, 223, 20, 37, 7, 3
2022/10/26, 213, 329, 17, 37, 6, 18
2022/10/27, 258, 392, 23, 46, 6, 40
2022/10/28, 286, 227, 10, 42, 6, 26
2022/10/29, 228, 253, 8, 40, 6, 15
2022/10/30, 241, 311, 5, 47, 6, 19
2022/10/31, 253, 247, 8, 40, 6, 11
2022/11/1, 243, 209, 13, 33, 6, 3
2022/11/2, 214, 386, 19, 36, 6, 4
2022/11/3, 352, 273, 9, 36, 7, 6
2022/11/4, 274, 140, 11, 23, 6, 1
2022/11/5, 180, 148, 15, 28, 6, 6
2022/11/6, 183, 167, 12, 33, 7, 4
2022/11/7, 193, 175, 8, 30, 6, 2
2022/11/8, 209, 275, 1, 60, 8, 13
2022/11/9, 195, 146, 7, 36, 7, 
2022/11/10, 188, 135, 13, 30, 6, 5
2022/11/11, 185, 131, 17, 32, 6, 5
2022/11/12, 170, 131, 18, 33, 7, 16
2022/11/13, 174, 136, 13, 35, 9, 20
2022/11/14, 174, 113, 16, 35, 10, 12
2022/11/15, 150, 108, 14, 27, 8, 5
2022/11/16, 133, 106, 15, 27, 6, 4
2022/11/17, 153, 127, 17, 35, 6, 14
2022/11/18, 175, 140, 17, 45, 9, 12
2022/11/19, 171, 146, 18, 44, 7, 3
2022/11/20, 167, 120, 18, 38, 7, 4
2022/11/21, 148, 102, 17, 35, 6, 4
2022/11/22, 129, 108, 17, 36, 6, 4
2022/11/23, 135, 135, 17, 33, 6, 9
2022/11/24, 136, 217, 16, 50, 10, 24
2022/11/25, 194, 165, 20, 43, 6, 6
2022/11/26, 178, 180, 20, 43, 7, 11
2022/11/27, 182, 241, 20, 48, 9, 10
2022/11/28, 213, 258, 13, 43, 8, 4
2022/11/29, 232, 225, 15, 45, 6, 5
2022/11/30, 222, 191, 17, 45, 6, 8
2022/12/1, 200, 190, 14, 45, 6, 5
2022/12/2, 191, 255, 15, 43, 6, 5
2022/12/3, 224, 257, 11, 41, 6, 3
2022/12/4, 233, 179, 9, 38, 6, 8
2022/12/5, 193, 148, 7, 32, 6, 3
2022/12/6, 170, 119, 7, 27, 6, 2
2022/12/7, 149, 129, 7, 32, 6, 3
2022/12/8, 160, 185, 12, 37, 6, 10
2022/12/9, 174, 231, 9, 41, 5, 4
2022/12/10, 202, 131, 6, 30, 5, 1
2022/12/11, 158, 110, 6, 30, 6, 1
2022/12/12, 127, 92, 5, 24, 6, 2
2022/12/13, 96, 94, 5, 24, 6, 2
2022/12/14, 109, 100, 6, 29, 6, 2
2022/12/15, 122, 150, 9, 35, 6, 6
2022/12/16, 162, 210, 5, 37, 6, 8
2022/12/17, 193, 276, , 36, 6, 2
2022/12/18, 261, 266, , 36, 7, 2
2022/12/19, 252, 194, , 27, 6, 2
2022/12/20, 225, 185, , 25, 5, 2
2022/12/21, 210, 246, , 26, 7, 2
2022/12/22, 227, 137, , 26, 10, 1
2022/12/23, 177, 127, 6, 27, 5, 3
2022/12/24, 168, 137, 7, 22, 7, 2
2022/12/25, 175, 166, 8, 24, 8, 3
2022/12/26, 189, 133, 6, 35, 6, 3
2022/12/27, 174, 120, 5, 23, 6, 1
2022/12/28, 163, 157, 8, 51, 7, 2
2022/12/29, 179, 194, 36, 74, 6, 5
2022/12/30, 200, 151, 11, 69, 5, 2
2022/12/31, 173, 123, 27, 13, 6, 3
2023/1/1, 166, 156, 11, 11, 8, 1
2022/7/1, 67, 52, 11, , 1, 9
2022/7/2, 77, 43, 22, , 2, 9
2022/7/3, 69, 79, 41, , 2, 12
2022/7/4, 112, 67, 14, , 1, 14
2022/7/5, 88, 58, 8, , 1, 10
2022/7/6, 69, 56, 8, , 1, 9
2022/7/7, 58, 57, 15, , 1, 10
2022/7/8, 56, 57, 5, , 2, 8
2022/7/9, 57, 49, 13, , 1, 12
2022/7/10, 61, 62, 28, , 2, 12
2022/7/11, 79, 44, 10, , 2, 11
2022/7/12, 63, 44, 9, , 1, 7
2022/7/13, 50, 51, 9, , 1, 9
2022/7/14, 53, 49, 11, , 2, 10
2022/7/15, 42, 37, 7, , 2, 17
2022/7/16, 42, 33, 11, , 1, 14
2022/7/17, 36, 65, 15, , 1, 11
2022/7/19, 99, 59, 3, 5, 2, 11
2022/7/20, 86, 67, 11, 5, 2, 12
2022/7/21, 115, 64, 4, 5, 2, 12
2022/7/22, 109, 48, 4, 5, 1, 11
2022/7/23, 79, 50, 7, 4, 1, 9
2022/7/24, 61, 45, 8, 5, 2, 8
2022/7/25, 57, 45, 9, 4, 3, 7
2022/7/26, 60, 52, 9, 4, 4, 7
2022/7/27, 71, 49, 8, 3, 5, 13
2022/7/28, 49, 41, 5, , 4, 10
2022/7/29, 49, 48, 1, , 8, 10
2022/7/30, 63, 44, 5, , 9, 10
2022/7/31, 69, 51, 4, 5, 10, 9
2022/8/1, 64, 68, 8, 12, 16, 8
2022/8/2, 82, 102, 8, 14, 16, 9
2022/8/3, 134, 69, 4, 6, 14, 4
2022/8/4, 101, 53, 3, 6, 16, 8
2022/8/5, 81, 74, 7, 9, 17, 12
2022/8/6, 118, 54, 3, 8, 17, 7
2022/8/7, 78, 71, 7, 9, 16, 10
2022/8/8, 93, 75, 5, 7, 15, 7
2022/8/9, 86, 67, 12, 6, 16, 9
2022/8/10, 60, 51, 4, 5, 15, 10
2022/8/11, 39, 53, 11, 4, 15, 8
2022/8/12, 41, 54, 16, 4, 15, 9
2022/8/13, 67, 51, 11, 5, 16, 4
2022/8/14, 71, 39, 9, 4, 17, 4
2022/8/15, 39, 42, 7, 3, 16, 8
2022/8/16, 32, 33, 13, 3, 15, 7
2022/8/17, 33, 51, 21, 7, 15, 5
2022/8/18, 44, 52, 10, 6, 16, 5
2022/8/19, 47, 70, 6, 9, 16, 5
2022/8/20, 89, 96, 8, 7, 17, 7
2022/8/21, 134, 74, 7, 5, 16, 7
2022/8/22, 92, 57, 10, 3, 17, 8
2022/8/23, 62, 47, 8, 4, 15, 7
2022/8/24, 51, 75, 26, 8, 16, 9
2022/8/25, 93, 76, 12, 6, 16, 5
2022/8/26, 93, 76, 12, 5, 16, 5
2022/8/27, 79, 103, 15, 8, 16, 5
2022/8/28, 99, 94, 20, 7, 16, 4
2022/8/29, 101, 90, 8, 16, 20, 14
2022/8/30, 129, 93, 13, 12, 16, 9
2022/8/31, 107, 92, 21, 15, 21, 5
2022/9/1, 109, 101, 9, 20, 21, 14
2022/9/2, 117, 82, 10, 9, 14, 10
2022/9/3, 82, 74, 23, 6, 8, 10
2022/9/4, 62, 77, 34, 6, 9, 6
2022/9/5, 70, 92, 19, 8, 11, 6
2022/9/6, 98, 94, 36, 8, 15, 8
2022/9/7, 101, 98, 38, 7, 11, 15
2022/9/8, 132, 86, 30, 5, 7, 7
2022/9/9, 127, 74, 16, 4, 6, 7
2022/9/10, 118, 58, 23, 3, 7, 5
2022/9/11, 59, 56, 18, 4, 7, 5
2022/9/12, 47, 66, 5, 8, 12, 6
2022/9/13, 66, 44, 8, 4, 10, 6
2022/9/14, 27, 25, 8, 3, 10, 8
2022/9/15, 28, 24, 6, 5, 8, 12
2022/9/16, 45, 60, 24, 7, 9, 6
2022/9/17, 73, 84, 33, 9, 9, 8
2022/9/18, 97, 111, 19, 12, 13, 11
2022/9/19, 148, 89, 7, 11, 11, 9
2022/9/20, 115, 70, 4, 11, 4, 12
2022/9/21, 95, 42, 3, 6, 4, 9
2022/9/22, 64, 35, 6, 7, 4, 7
2022/9/23, 72, 31, 4, 4, 6, 37
2022/9/24, 58, 44, 17, 9, 6, 
2022/9/25, 52, 89, 16, 10, 5, 
2022/9/26, 121, 86, 23, 10, 5, 
2022/9/27, 109, 119, 34, 11, 4, 
2022/9/28, 147, 124, 34, 11, 5, 
2022/9/29, 161, 122, 22, 12, 5, 
2022/9/30, 161, 129, 25, 12, 4, 
2022/4/1, 112, 139, 41, 3, 14, 11
2022/4/2, 136, 159, 43, 3, 11, 11
2022/4/3, 177, 152, 31, 3, 12, 11
2022/4/4, 136, 121, 30, 3, 15, 12
2022/4/5, 128, 173, 31, 3, 18, 16
2022/4/6, 141, 383, 34, 3, 13, 19
2022/4/7, 143, 159, 35, 3, 14, 12
2022/4/8, 137, 173, 36, 3, 9, 19
2022/4/9, 134, 178, 32, 3, 13, 16
2022/4/10, 139, 183, 33, 3, 14, 15
2022/4/11, 140, 142, 27, 3, 12, 16
2022/4/12, 129, 166, 27, 3, 8, 13
2022/4/13, 128, 231, 33, 3, 8, 15
2022/4/14, 117, 118, 39, 3, 10, 16
2022/4/15, 109, 140, 37, 3, 15, 7
2022/4/16, 142, 213, 42, 3, 14, 10
2022/4/17, 164, 195, 45, 3, 14, 19
2022/4/18, 152, 193, 28, 4, 12, 23
2022/4/19, 152, 138, 25, 3, 9, 11
2022/4/20, 123, 215, 13, 3, 9, 10
2022/4/21, 134, 205, 42, 3, 20, 16
2022/4/22, 163, 136, 29, 3, 21, 19
2022/4/23, 132, 136, 31, 2, 12, 11
2022/4/24, 134, 155, 35, 2, 13, 10
2022/4/25, 119, 114, 42, 1, 25, 19
2022/4/26, 104, 184, 55, 1, 12, 24
2022/4/27, 152, 216, 87, 2, 12, 22
2022/4/28, 167, 179, 54, 2, 13, 13
2022/4/29, 157, 160, 55, 1, 10, 18
2022/4/30, 158, 150, 46, 1, 12, 6
2022/5/1, 120, 122, 56, 1, 10, 4
2022/5/2, 104, 173, 59, 1, 9, 6
2022/5/3, 127, 95, 58, 1, 7, 6
2022/5/4, 97, 85, 80, 1, 10, 10
2022/5/5, 106, 121, 75, 1, 9, 13
2022/5/6, 141, 113, 80, 1, 10, 10
2022/5/7, 114, 98, 89, 1, 8, 7
2022/5/8, 105, 85, 75, 1, 6, 5
2022/5/9, 98, 83, 62, 1, 7, 6
2022/5/10, 91, 83, 74, 1, 8, 6
2022/5/11, 90, 91, 72, 1, 8, 5
2022/5/12, 98, 109, 75, 1, 10, 15
2022/5/13, 105, 168, 54, 1, 12, 22
2022/5/14, 136, 164, 76, 1, 15, 23
2022/5/15, 140, 212, 57, 1, 7, 7
2022/5/16, 135, 110, 78, 1, 10, 7
2022/5/17, 91, 114, 67, 1, 12, 5
2022/5/18, 102, 122, 78, 1, 11, 8
2022/5/19, 124, 163, 56, 1, 12, 9
2022/5/20, 134, 175, 64, 1, 5, 13
2022/5/21, 110, 93, 86, 1, 9, 5
2022/5/22, 89, 55, 31, 1, 8, 7
2022/5/23, 47, 48, 43, 1, 4, 11
2022/5/24, 62, 90, 69, 1, 9, 15
2022/5/25, 126, 103, 83, 1, 13, 11
2022/5/26, 146, 106, 52, 1, 7, 7
2022/5/27, 114, 132, 42, 1, 8, 10
2022/5/28, 98, 110, 22, 1, 8, 8
2022/5/29, 94, 95, 46, , 5, 11
2022/5/30, 92, 166, 69, , 10, 20
2022/5/31, 136, 154, 68, , 9, 16
2022/6/1, 125, 144, 68, , 9, 15
2022/6/2, 116, 150, 83, , 11, 21
2022/6/3, 129, 126, 84, , 8, 14
2022/6/4, 113, 116, 57, , 5, 9
2022/6/5, 80, 114, 83, , 7, 13
2022/6/6, 84, 181, 56, , 5, 10
2022/6/7, 116, 209, 33, , 4, 11
2022/6/8, 120, 140, 39, 1, 8, 8
2022/6/9, 92, 169, 24, 2, 7, 13
2022/6/10, 110, 150, 27, 2, 8, 15
2022/6/11, 125, 139, 33, 2, 9, 16
2022/6/12, 116, 115, 35, 1, 4, 13
2022/6/13, 76, 123, 29, 1, 4, 8
2022/6/14, 86, 78, 35, 1, 2, 9
2022/6/15, 55, 76, 30, 1, 2, 13
2022/6/16, 54, 41, 20, 1, 3, 15
2022/6/17, 48, 42, 22, 1, 3, 9
2022/6/18, 60, 70, 34, 1, 3, 10
2022/6/19, 93, 79, 31, 1, 3, 10
2022/6/20, 93, 75, 22, 1, 4, 14
2022/6/21, 88, 82, 50, 1, 3, 12
2022/6/22, 98, 98, 43, 1, 3, 9
2022/6/23, 84, 107, 70, 1, 4, 12
2022/6/24, 102, 129, 81, 1, 5, 13
2022/6/25, 134, 82, 24, 1, 3, 8
2022/6/26, 93, 72, 27, 1, 3, 8
2022/6/27, 80, 86, 36, , 1, 10
2022/6/28, 116, 82, 23, , 1, 8
2022/6/29, 92, 98, 7, , 2, 9
2022/6/30, 67, 40, 8, , 1, 15
2022/1/3, 237, 220, 9, 7, 5, 21
2022/1/4, 221, 179, 6, 6, 2, 14
2022/1/5, 228, 145, 6, 6, 1, 6
2022/1/6, 164, 68, 7, 8, 1, 7
2022/1/7, 132, 221, 7, 4, 2, 8
2022/1/8, 230, 47, 5, 6, 1, 15
2022/1/9, 102, 90, 11, 5, 8, 13
2022/1/10, 161, 98, 12, 4, 3, 5
2022/1/11, 164, 135, 11, 6, 3, 8
2022/1/12, 178, 258, 14, 6, 6, 17
2022/1/13, 252, 134, 8, 5, 15, 7
2022/1/14, 185, 115, 4, 5, 1, 6
2022/1/15, 177, 171, 8, 6, 2, 10
2022/1/16, 202, 174, 9, 6, 2, 9
2022/1/17, 215, 160, 7, 6, 1, 8
2022/1/18, 205, 454, 9, 5, 8, 14
2022/1/19, 349, 184, 6, 5, 3, 12
2022/1/20, 219, 175, 8, 5, 5, 14
2022/1/21, 209, 95, 7, 5, 2, 5
2022/1/22, 180, 91, 6, 7, 3, 9
2022/1/23, 187, 126, 7, 9, 12, 15
2022/1/24, 180, 130, 4, 5, 4, 11
2022/1/25, 173, 161, 8, 5, 4, 12
2022/1/26, 200, 113, 12, 6, 4, 10
2022/1/27, 163, 106, 16, 5, 3, 7
2022/1/28, 194, 131, 15, 3, 3, 10
2022/1/29, 383, 123, 15, 3, 4, 7
2022/1/30, 171, 200, 17, 3, 5, 13
2022/1/31, 218, 192, 10, 3, 5, 12
2022/2/1, 227, 145, 17, 3, 5, 9
2022/2/2, 198, 101, 9, 3, 5, 10
2022/2/3, 174, 69, 8, 4, 3, 11
2022/2/4, 110, 232, 14, 3, 7, 17
2022/2/5, 177, 279, 13, 3, 3, 30
2022/2/6, 239, 185, 15, 3, 3, 20
2022/2/7, 184, 171, 12, 3, 7, 22
2022/2/8, 180, 172, 9, 4, 4, 11
2022/2/9, 208, 93, 13, 4, 3, 8
2022/2/10, 140, 99, 15, 4, 3, 5
2022/2/11, 132, 126, 15, 4, 3, 11
2022/2/12, 146, 242, 17, 4, 4, 24
2022/2/13, 189, 271, 17, 4, 4, 18
2022/2/14, 210, 183, 36, 4, 5, 19
2022/2/15, 163, 197, 75, 4, 20, 18
2022/2/16, 183, 203, 17, 4, 7, 13
2022/2/17, 179, 184, 14, 4, 9, 10
2022/2/18, 185, 142, 13, 4, 4, 6
2022/2/19, 154, 113, 11, 4, 3, 2
2022/2/20, 150, 208, 11, 4, 4, 16
2022/2/21, 163, 202, 11, 4, 4, 10
2022/2/22, 178, 151, 9, 4, 3, 9
2022/2/23, 180, 191, 11, 4, 8, 9
2022/2/24, 204, 187, 12, 5, 6, 6
2022/2/25, 187, 51, 8, 4, 4, 3
2022/2/26, 135, 66, 10, 5, 6, 5
2022/2/27, 98, 83, 12, 4, 4, 4
2022/2/28, 108, 121, 14, 4, 7, 7
2022/3/1, 169, 178, 13, 5, 17, 12
2022/3/2, 188, 122, 13, 5, 7, 6
2022/3/3, 149, 113, 9, 5, 6, 4
2022/3/4, 144, 88, 11, 5, 4, 3
2022/3/5, 127, 207, 15, 5, 8, 12
2022/3/6, 189, 249, 13, 5, 6, 20
2022/3/7, 210, 166, 14, 5, 23, 8
2022/3/8, 196, 117, 11, 5, 13, 4
2022/3/9, 141, 104, 11, 5, 8, 4
2022/3/10, 129, 111, 12, 5, 7, 4
2022/3/11, 139, 115, 27, 5, 8, 6
2022/3/12, 135, 145, 30, 5, 8, 10
2022/3/13, 161, 187, 35, 5, 10, 10
2022/3/14, 189, 155, 34, 5, 8, 7
2022/3/15, 180, 137, 24, 4, 6, 5
2022/3/16, 152, 159, 35, 3, 8, 13
2022/3/17, 183, 159, 31, 3, 5, 8
2022/3/18, 188, 141, 28, 2, 8, 6
2022/3/19, 173, 202, 47, 3, 8, 12
2022/3/20, 181, 217, 69, 3, 12, 9
2022/3/21, 199, 126, 30, 2, 6, 9
2022/3/22, 141, 225, 35, 2, 11, 27
2022/3/23, 173, 275, 28, 2, 10, 14
2022/3/24, 189, 150, 30, 3, 8, 5
2022/3/25, 156, 149, 31, 2, 7, 3
2022/3/26, 141, 207, 36, 2, 7, 13
2022/3/27, 160, 259, 38, 3, 16, 25
2022/3/28, 172, 205, 37, 3, 14, 16
2022/3/29, 160, 204, 58, 3, 17, 19
2022/3/30, 292, 169, 39, 3, 20, 13
2022/3/31, 162, 105, 31, 2, 17, 6
2021/10/1, 134, 97, 38, 2, 2, 14
2021/10/2, 143, 82, 44, 1, 2, 11
2021/10/3, 104, 94, 14, 3, 2, 10
2021/10/4, 86, 91, 43, 2, 1, 7
2021/10/5, 110, 102, 24, 2, 1, 7
2021/10/6, 138, 93, 28, 8, 3, 11
2021/10/7, 131, 165, 44, 5, 4, 11
2021/10/8, 154, 148, 44, 5, 3, 11
2021/10/9, 157, 165, 94, 4, 4, 16
2021/10/10, 153, 126, 27, 4, 13, 13
2021/10/11, 140, 127, 114, 4, 13, 9
2021/10/12, 142, 164, 47, 3, 13, 7
2021/10/13, 169, 138, 54, 3, 7, 8
2021/10/14, 160, 158, 82, 3, 6, 13
2021/10/15, 173, 302, 75, , 19, 18
2021/10/16, 276, 123, 13, , 16, 9
2021/10/17, 152, 28, 13, 1, 4, 10
2021/10/18, 55, 82, 29, , 4, 12
2021/10/19, 125, 183, 37, 1, 4, 18
2021/10/20, 188, 203, 41, 1, 3, 18
2021/10/21, 162, 186, 33, 2, 3, 17
2021/10/22, 136, 129, 38, 1, 4, 16
2021/10/23, 145, 95, 38, 1, 3, 10
2021/10/24, 142, 77, 39, 2, 6, 9
2021/10/25, 118, 116, 39, 3, 5, 12
2021/10/26, 159, 191, 45, 2, 8, 13
2021/10/27, 196, 200, 52, 6, 5, 17
2021/10/28, 206, 245, 48, 3, 8, 21
2021/10/29, 230, 174, 46, 8, 5, 18
2021/10/30, 194, 263, 57, 7, 5, 31
2021/10/31, 239, 266, 62, 3, 5, 20
2021/11/1, 219, 192, 55, 2, 5, 13
2021/11/2, 202, 304, 58, 8, 5, 23
2021/11/3, 252, 445, 41, 6, 8, 24
2021/11/4, 409, 645, 32, 14, 8, 21
2021/11/5, 556, 390, 48, 15, 6, 16
2021/11/6, 386, 420, 54, 17, 5, 23
2021/11/7, 373, 403, 59, 16, 6, 20
2021/11/8, 362, 454, 67, 17, 11, 25
2021/11/9, 385, 418, 9, 18, 8, 20
2021/11/10, 337, 570, 6, 17, 8, 34
2021/11/11, 431, 658, 6, 49, 7, 34
2021/11/12, 500, 419, 6, 16, 9, 33
2021/11/13, 362, 201, 6, 2, 7, 34
2021/11/14, 227, 217, 6, 1, 10, 30
2021/11/15, 233, 283, 6, 1, 8, 24
2021/11/16, 273, 343, 6, 4, 11, 15
2021/11/17, 272, 344, 6, 2, 15, 37
2021/11/18, 278, 330, 18, 3, 15, 29
2021/11/19, 268, 272, 54, , 15, 16
2021/11/20, 222, 153, 63, 1, 16, 17
2021/11/21, 195, 134, 44, , 8, 9
2021/11/22, 165, 296, 122, , 7, 10
2021/11/23, 307, 235, 177, , 12, 26
2021/11/24, 227, 235, 51, , 7, 12
2021/11/25, 227, 293, 51, , 10, 25
2021/11/26, 258, 225, 37, , 6, 30
2021/11/27, 233, 258, 32, , 7, 17
2021/11/28, 254, 221, 38, , 12, 25
2021/11/29, 234, 216, 43, , 9, 18
2021/11/30, 253, 284, 28, 2, 9, 21
2021/12/1, 263, 157, 10, 4, 7, 12
2021/12/2, 208, 198, 23, , 5, 21
2021/12/3, 231, 207, 29, , 4, 24
2021/12/4, 210, 227, 103, , 6, 30
2021/12/5, 221, 157, 27, 9, 14, 6
2021/12/6, 202, 123, 21, 16, 8, 9
2021/12/7, 162, 155, 29, 16, 5, 20
2021/12/8, 186, 200, 25, 17, 6, 23
2021/12/9, 210, 148, 22, 15, 5, 18
2021/12/10, 181, 224, 26, 14, 4, 20
2021/12/11, 220, 240, 23, 14, 3, 15
2021/12/12, 219, 236, 24, 11, 3, 37
2021/12/13, 230, 275, 24, 10, 4, 20
2021/12/14, 259, 154, 28, 10, 10, 31
2021/12/15, 185, 187, 17, 10, 15, 17
2021/12/16, 224, 136, 29, 9, 15, 6
2021/12/17, 183, 127, 20, 9, 2, 7
2021/12/18, 181, 138, 30, 10, 3, 12
2021/12/19, 190, 223, 32, 11, 5, 13
2021/12/20, 249, 360, 27, 70, 9, 16
2021/12/21, 322, 305, 33, 64, 9, 23
2021/12/22, 278, 380, 46, 7, 6, 29
2021/12/23, 324, 264, 20, 6, 3, 14
2021/12/24, 261, 289, 33, 7, 3, 19
2021/12/25, 279, 289, 44, 6, 4, 28
2021/12/26, 292, 124, 26, 6, 9, 15
2021/12/27, 158, 119, 10, 4, 12, 13
2021/12/28, 178, 127, 28, 3, 8, 24
2021/12/29, 169, 123, 2, 3, 3, 19
2021/12/30, 168, 144, 2, 4, 4, 19
2021/12/31, 184, 243, 2, 4, 3, 22
2022/1/1, 249, 213, 2, 6, 9, 24
2022/1/2, 242, 225, 8, 7, 3, 21
2021/7/1, 105, 210, 22, 15, 6, 6
2021/7/2, 127, 98, 25, 18, 4, 7
2021/7/3, 105, 118, 48, 20, 6, 13
2021/7/4, 139, 119, 38, 18, 6, 7
2021/7/5, 127, 120, 35, 15, 7, 6
2021/7/6, 110, 121, 31, 17, 6, 5
2021/7/7, 109, 139, 27, 15, 4, 5
2021/7/8, 101, 74, 28, 13, 5, 5
2021/7/9, 100, 58, 23, 11, 4, 5
2021/7/10, 72, 67, 22, 9, 2, 5
2021/7/11, 92, 51, 17, 10, 2, 4
2021/7/12, 67, 49, 6, 14, 2, 9
2021/7/13, 72, 49, 9, 14, 2, 10
2021/7/14, 71, 55, 13, 12, 14, 6
2021/7/15, 83, 62, 23, 13, 30, 11
2021/7/16, 85, 79, 45, 11, 2, 10
2021/7/17, 114, 54, 19, 12, 1, 9
2021/7/18, 69, 17, 5, 16, 1, 11
2021/7/19, 53, 36, 2, 14, 1, 14
2021/7/20, 82, 59, 15, 16, 1, 17
2021/7/21, 84, 44, 10, 10, , 16
2021/7/22, 53, 51, 17, 11, 1, 15
2021/7/23, 66, 77, 12, 14, , 15
2021/7/24, 98, 59, 14, 11, , 12
2021/7/25, 74, 64, 16, 11, , 12
2021/7/26, 102, 52, 3, 14, , 13
2021/7/27, 87, 31, 4, 16, , 13
2021/7/28, 59, 39, 8, 16, , 13
2021/7/29, 61, 44, 8, 15, , 13
2021/7/30, 60, 48, 11, 10, 1, 13
2021/7/31, 46, 64, 57, 10, 1, 8
2021/8/1, 106, 59, 27, 23, 1, 13
2021/8/2, 83, 52, 7, 10, , 14
2021/8/3, 42, 52, 9, 11, 1, 17
2021/8/4, 40, 65, 17, 9, 1, 14
2021/8/5, 70, 76, 16, 9, 1, 23
2021/8/6, 74, 83, 8, 9, 1, 27
2021/8/7, 110, 66, 15, 13, 1, 36
2021/8/8, 122, 68, 14, 8, 1, 33
2021/8/9, 110, 104, 14, 5, 1, 29
2021/8/10, 97, 96, 17, 3, 1, 27
2021/8/11, 76, 97, 21, 2, 1, 22
2021/8/12, 77, 93, 22, 2, 1, 22
2021/8/13, 77, 102, 25, 2, 1, 17
2021/8/14, 81, 99, 22, 2, 2, 3
2021/8/15, 80, 107, 25, 3, 1, 3
2021/8/16, 90, 124, 28, 5, 1, 5
2021/8/17, 125, 122, 36, 8, 1, 8
2021/8/18, 144, 126, 27, 8, 1, 5
2021/8/19, 159, 57, 15, 5, 1, 4
2021/8/20, 88, 35, 13, 5, 1, 5
2021/8/21, 69, 52, 17, 2, 1, 3
2021/8/22, 96, 68, 40, 4, 1, 5
2021/8/23, 113, 97, 14, 7, 1, 5
2021/8/24, 145, 96, 18, 3, 1, 3
2021/8/25, 91, 106, 22, 4, 1, 6
2021/8/26, 84, 128, 25, 4, 1, 12
2021/8/27, 105, 98, 24, 2, 1, 3
2021/8/28, 120, 89, 26, 1, 1, 2
2021/8/29, 127, 47, 20, , 1, 2
2021/8/30, 61, 35, 8, 2, 1, 3
2021/8/31, 57, 38, 6, 3, 1, 6
2021/9/1, 65, 46, 22, 2, 2, 12
2021/9/2, 65, 51, 22, 2, 2, 7
2021/9/3, 72, 56, 20, 3, 2, 7
2021/9/4, 92, 79, 28, 3, 1, 9
2021/9/5, 110, 106, 66, 2, 2, 8
2021/9/6, 141, 66, 19, 1, 2, 7
2021/9/7, 108, 53, 15, , 2, 4
2021/9/8, 59, 56, 14, , 1, 5
2021/9/9, 68, 54, 14, 1, 2, 5
2021/9/10, 79, 27, 12, 2, 1, 6
2021/9/11, 55, 54, 55, 2, 2, 9
2021/9/12, 87, 63, 10, 1, 1, 5
2021/9/13, 96, 61, 11, 1, 2, 6
2021/9/14, 60, 57, 16, 1, 2, 6
2021/9/15, 49, 49, 38, 1, 1, 7
2021/9/16, 61, 51, 12, , 1, 5
2021/9/17, 55, 64, 17, , 1, 7
2021/9/18, 81, 57, 17, , 1, 5
2021/9/19, 79, 58, 20, , 2, 5
2021/9/20, 76, 57, 19, , 1, 6
2021/9/21, 75, 52, 18, , 1, 5
2021/9/22, 69, 49, 20, , 1, 5
2021/9/23, 62, 46, 13, , 1, 7
2021/9/24, 62, 60, 20, , 1, 8
2021/9/25, 80, 62, 17, , 2, 5
2021/9/26, 88, 88, 26, , 2, 7
2021/9/27, 130, 83, 18, , 2, 6
2021/9/28, 106, 66, 20, 2, 2, 5
2021/9/29, 74, 69, 22, , 1, 7
2021/9/30, 90, 102, 22, 3, 1, 13
2021/4/1, 90, 111, 37, 16, 9, 7
2021/4/2, 122, 122, 48, 21, 20, 10
2021/4/3, 149, 113, 48, 22, 14, 10
2021/4/4, 139, 194, 68, 29, 27, 13
2021/4/5, 178, 201, 80, 17, 13, 10
2021/4/6, 179, 180, 49, 19, 11, 8
2021/4/7, 154, 105, 47, 23, 10, 8
2021/4/8, 128, 160, 39, 27, 15, 15
2021/4/9, 151, 128, 65, 30, 19, 10
2021/4/10, 147, 152, 59, 27, 21, 10
2021/4/11, 150, 186, 61, 31, 27, 12
2021/4/12, 170, 168, 53, 28, 17, 8
2021/4/13, 161, 141, 49, 19, 16, 7
2021/4/14, 138, 160, 54, 19, 8, 9
2021/4/15, 149, 244, 49, 12, 20, 8
2021/4/16, 156, 79, 41, 6, 8, 6
2021/4/17, 106, 117, 60, 8, 14, 8
2021/4/18, 140, 149, 53, 14, 20, 10
2021/4/19, 144, 174, 44, 7, 28, 7
2021/4/20, 137, 85, 44, 5, 8, 6
2021/4/21, 116, 99, 51, 3, 11, 6
2021/4/22, 118, 95, 34, 4, 11, 6
2021/4/23, 113, 90, 53, 6, 14, 6
2021/4/24, 118, 136, 66, 16, 19, 13
2021/4/25, 150, 262, 78, 26, 15, 22
2021/4/26, 235, 353, 83, 27, 20, 25
2021/4/27, 258, 360, 77, 24, 19, 21
2021/4/28, 266, 278, 79, 12, 14, 11
2021/4/29, 222, , , , , 
2021/5/8, 145, 95, 77, 3, 7, 6
2021/5/9, 134, 98, 54, 3, 7, 7
2021/5/10, 136, 104, 89, 1, 7, 7
2021/5/11, 132, 105, 53, 3, 7, 5
2021/5/12, 102, 67, 48, 2, 6, 5
2021/5/13, 98, 82, 61, 5, 6, 5
2021/5/14, 112, 161, 42, 11, 8, 3
2021/5/15, 119, 106, 59, 20, 13, 7
2021/5/16, 140, 129, 50, 26, 14, 9
2021/5/17, 153, 61, 20, 10, 4, 1
2021/5/18, 69, 48, 12, 10, 4, 2
2021/5/19, 97, 42, 23, 11, 3, 4
2021/5/20, 276, 44, 25, 12, 4, 2
2021/5/21, 72, 51, 39, 14, 5, 3
2021/5/22, 119, 499, 41, 14, 4, 6
2021/5/23, 182, 96, 61, 16, 9, 5
2021/5/24, 113, 101, 66, 19, 12, 8
2021/5/25, 94, 116, 184, 27, 15, 14
2021/5/26, 133, 113, 77, 18, 7, 10
2021/5/27, 120, 69, 31, 9, 3, 8
2021/5/28, 65, 67, 31, 9, 3, 6
2021/5/29, 38, 101, 32, 12, 7, 7
2021/5/30, 64, 115, 52, 20, 6, 9
2021/5/31, 115, 115, 40, 16, 4, 9
2021/6/1, 89, 89, 41, 17, 8, 9
2021/6/2, 121, 119, 69, 18, 11, 11
2021/6/3, 159, 109, 61, 15, 7, 9
2021/6/4, 129, 83, 49, 16, 5, 9
2021/6/5, 93, 110, 45, 20, 6, 10
2021/6/6, 100, 120, 58, 20, 8, 10
2021/6/7, 121, 333, 25, 20, 4, 10
2021/6/8, 136, 263, 27, 14, 4, 8
2021/6/9, 112, 121, 34, 10, 4, 9
2021/6/10, 128, 112, 31, 13, 4, 9
2021/6/11, 91, 70, 26, 10, 4, 7
2021/6/12, 104, , 35, 13, 6, 8
2021/6/14, 99, 83, 48, 12, 4, 6
2021/6/15, 71, 63, 32, 14, 4, 9
2021/6/16, 88, 75, 29, 12, 6, 9
2021/6/17, 107, 45, 19, 10, 3, 6
2021/6/18, 63, 48, 16, 10, 6, 6
2021/6/19, 68, 36, 6, 9, 2, 6
2021/6/20, 54, 60, 25, 12, 4, 7
2021/6/21, 89, 106, 44, 15, 6, 9
2021/6/22, 121, 144, 30, 17, 8, 12
2021/6/23, 149, 78, 34, 11, 4, 10
2021/6/24, 116, 114, 41, 15, 7, 8
2021/6/25, 132, 102, 44, 18, 10, 8
2021/6/26, 116, 115, 40, 12, 8, 7
2021/6/27, 155, 105, 49, 15, 5, 8
2021/6/28, 147, 140, 45, 19, 10, 9
2021/6/29, 146, 297, 21, 22, 7, 10
2021/6/30, 130, 174, 27, 14, 4, 6
2021/1/4, 173, 71, 15, 12, 11, 10
2021/1/5, 144, 112, 10, 17, 7, 9
2021/1/6, 192, 129, 13, 13, 7, 7
2021/1/7, 202, 198, 10, 21, 14, 10
2021/1/8, 262, 148, 19, 20, 9, 7
2021/1/9, 224, 115, 26, 12, 4, 5
2021/1/10, 191, 117, 33, 17, 7, 7
2021/1/11, 198, 164, 30, 25, 6, 12
2021/1/12, 245, 280, 53, 33, 20, 19
2021/1/13, 321, 419, 60, 43, 11, 29
2021/1/14, 409, 593, 41, 57, 5, 25
2021/1/15, 509, 395, 6, 46, 12, 24
2021/1/16, 405, 197, , 17, 8, 14
2021/1/17, 323, 290, 2, 34, 6, 17
2021/1/18, 325, 270, 7, 37, 6, 22
2021/1/19, 346, 137, 22, 27, 4, 12
2021/1/20, 219, 212, 57, 38, 5, 15
2021/1/21, 259, 220, 18, 29, 4, 20
2021/1/22, 298, 132, 40, 15, 5, 10
2021/1/23, 215, , , , , 
2021/2/6, 156, 135, 51, 25, 7, 11
2021/2/7, 190, 222, 65, 43, 12, 16
2021/2/8, 252, 304, 65, 51, 7, 25
2021/2/9, 287, 304, 53, 41, 8, 19
2021/2/10, 278, 207, 35, 34, 15, 14
2021/2/11, 245, 306, 28, 39, 23, 17
2021/2/12, 322, 339, 29, 43, 12, 28
2021/2/13, 310, 336, 49, 44, 7, 28
2021/2/14, 301, 268, 35, 36, 8, 23
2021/2/15, 251, 261, 43, 25, 10, 18
2021/2/16, 262, 260, 39, 39, 17, 20
2021/2/17, 247, 184, 39, 33, 24, 14
2021/2/18, 230, 189, 32, 22, 10, 15
2021/2/19, 241, 162, 30, 31, 8, 15
2021/2/20, 214, 171, 39, 25, 8, 13
2021/2/21, 228, 163, 34, 33, 7, 15
2021/2/22, 206, 252, 32, 54, 6, 15
2021/2/23, 226, 354, 44, 66, 12, 31
2021/2/24, 262, 205, 37, 44, 13, 17
2021/2/25, 207, 231, 30, 36, 10, 16
2021/2/26, 192, 168, 26, 31, 25, 10
2021/2/27, 153, 150, 39, 22, 17, 9
2021/2/28, 161, 128, 32, 21, 7, 8
2021/3/1, 145, 123, 32, 17, 8, 7
2021/3/2, 141, 180, 40, 34, 14, 17
2021/3/3, 165, 251, 63, 48, 23, 20
2021/3/4, 234, 155, 35, 22, 17, 10
2021/3/5, 177, 142, 47, 11, 6, 5
2021/3/6, 175, 462, , 22, 20, 13
2021/3/7, 365, , , , , 
2021/3/9, 161, 152, 47, 24, 9, 11
2021/3/10, 163, 187, 34, 21, 10, 16
2021/3/11, 199, 133, 20, 14, 9, 9
2021/3/12, 155, 146, 37, 24, 12, 8
2021/3/13, 186, 111, 36, 19, 7, 6
2021/3/14, 157, 151, 27, 17, 11, 9
2021/3/15, 173, 215, 22, 16, 12, 9
2021/3/16, 170, 246, 31, 20, 13, 10
2021/3/17, 186, 246, 43, 23, 18, 12
2021/3/18, 195, 187, 44, 23, 16, 10
2021/3/19, 180, 163, 39, 21, 11, 11
2021/3/20, 177, 169, 39, 23, 13, 12
2021/3/21, 181, 172, 24, 14, 12, 10
2021/3/22, 160, 195, 11, 15, 15, 9
2021/3/23, 153, 137, 38, 15, 18, 7
2021/3/24, 150, 93, 26, 8, 11, 6
2021/3/25, 117, 109, 34, 13, 10, 8
2021/3/26, 144, 153, 48, 23, 14, 11
2021/3/27, 177, 203, 57, 24, 18, 15
2021/3/28, 209, 146, 42, 14, 10, 12
2021/3/29, 164, 300, 30, 12, 9, 11
2021/3/30, 175, 124, 35, 5, 7, 5
2021/3/31, 106, 133, 30, 7, 7, 5
2020/10/1, 142, 129, 115, 16, 12, 7
2020/10/2, 155, 129, 115, 18, 21, 7
2020/10/3, 155, 130, 88, 17, 23, 6
2020/10/4, 158, 120, 85, 15, 12, 6
2020/10/5, 142, 162, 92, 26, 22, 13
2020/10/6, 160, 161, 91, 24, 29, 9
2020/10/7, 178, 142, 104, 20, 15, 7
2020/10/8, 170, 152, 79, 22, 20, 8
2020/10/9, 177, 143, 92, 17, 17, 8
2020/10/10, 174, 140, 163, 18, 15, 8
2020/10/11, 170, 225, 125, 26, 24, 17
2020/10/12, 225, 169, 55, 20, 14, 13
2020/10/13, 190, 177, , 15, 16, 11
2020/10/14, 217, 203, 125, 28, 12, 13
2020/10/15, 185, 192, 52, 25, 18, 14
2020/10/16, 199, 224, 53, 30, 17, 16
2020/10/17, 211, 136, 43, 19, 14, 9
2020/10/18, 165, 153, 56, 18, 17, 9
2020/10/19, 177, 173, 56, 24, 14, 17
2020/10/20, 178, 217, 35, 31, 18, 27
2020/10/21, 188, 295, 52, 33, 24, 27
2020/10/22, 256, 237, 69, 29, 17, 27
2020/10/23, 219, 271, 41, 47, 15, 26
2020/10/24, 265, 333, 80, 72, 27, 28
2020/10/25, 289, 261, 78, 59, 21, 19
2020/10/26, 259, 186, 58, 45, 9, 18
2020/10/27, 225, 283, 75, 66, 9, 17
2020/10/28, 257, 299, 72, 61, 25, 20
2020/10/29, 276, 285, 63, 58, 10, 17
2020/10/30, 289, 283, 61, 38, 7, 13
2020/10/31, 305, 256, 22, 49, 3, 20
2020/11/1, 259, 256, 62, 49, 7, 18
2020/11/2, 265, 226, 51, 56, 12, 25
2020/11/3, 226, 553, 30, 67, 7, 32
2020/11/4, 441, 444, 40, 62, 5, 24
2020/11/5, 375, 432, 28, 66, 6, 29
2020/11/6, 368, 512, 39, 55, 7, 22
2020/11/7, 422, 632, 32, 70, 16, 20
2020/11/8, 487, 706, 30, 72, 7, 40
2020/11/9, 521, 675, 27, 63, 9, 12
2020/11/10, 556, 371, 23, 53, 8, 20
2020/11/11, 304, 324, 25, 65, 10, 32
2020/11/12, 284, 369, 84, 92, 6, 28
2020/11/13, 330, 579, 36, 93, 16, 24
2020/11/14, 534, 373, 38, 38, 8, 13
2020/11/15, 425, 88, 14, 42, 4, 12
2020/11/16, 155, 97, 23, 38, 10, 6
2020/11/17, 159, 125, 36, 46, 16, 8
2020/11/18, 186, 135, 38, 50, 24, 9
2020/11/19, 201, 158, 35, 50, 13, 8
2020/11/20, 227, 119, 33, 41, 11, 8
2020/11/21, 173, 156, 35, 56, 16, 13
2020/11/22, 219, 287, 55, 84, 12, 25
2020/11/23, 301, 369, 36, 85, 12, 31
2020/11/24, 365, 326, 25, 59, 14, 15
2020/11/25, 362, 110, 21, 30, 18, 7
2020/11/26, 178, 94, 23, 36, 19, 6
2020/11/27, 158, 122, 26, 51, 9, 10
2020/11/28, 181, 229, 41, 74, 10, 25
2020/11/29, 240, 312, 33, 89, 10, 19
2020/11/30, 301, 383, 38, 93, 12, 27
2020/12/1, 372, 289, 38, 81, 10, 24
2020/12/2, 319, 206, 70, 75, 16, 13
2020/12/3, 269, , , , , 
2020/12/7, 331, 359, 49, 61, 14, 14
2020/12/8, 343, 398, 42, 71, 20, 30
2020/12/9, 333, 215, 27, 47, 13, 16
2020/12/10, 225, 220, 20, 46, 13, 16
2020/12/11, 242, 265, 7, 27, 10, 15
2020/12/12, 355, 143, 22, 18, 8, 9
2020/12/13, 214, 118, 25, 14, 9, 7
2020/12/14, 191, 145, 24, 22, 15, 10
2020/12/15, 221, 131, 22, 21, 10, 10
2020/12/16, 196, 131, 20, 18, 5, 10
2020/12/17, 207, 141, 37, 27, 7, 12
2020/12/18, 206, 185, 39, 33, 7, 16
2020/12/19, 231, 243, 44, 38, 8, 19
2020/12/20, 276, 295, 44, 50, 11, 27
2020/12/21, 314, 545, 72, 58, 19, 17
2020/12/22, 493, 490, 70, 42, 8, 27
2020/12/23, 471, 575, 14, 70, 5, 47
2020/12/24, 452, 251, 14, 34, 8, 17
2020/12/25, 298, 274, 23, 41, 16, 20
2020/12/26, 310, 220, 67, 22, 12, 13
2020/12/27, 290, 169, 71, 17, 22, 9
2020/12/28, 172, 186, 85, 21, 19, 10
2020/12/29, 212, 163, 51, 18, 10, 11
2020/12/30, 245, 271, 55, 35, 5, 20
2020/12/31, 340, 512, 36, 46, 9, 31
2021/1/1, 506, 297, 44, 28, 12, 14
2021/1/2, 379, 112, 17, 12, 5, 7
2021/1/3, 228, 89, 30, 14, 11, 12
2020/7/1, 113, 98, 30, 7, 9, 6
2020/7/2, 136, 95, 51, 7, 11, 5
2020/7/3, 134, 67, 68, 4, 7, 6
2020/7/4, 101, 40, 70, 6, 7, 6
2020/7/5, 64, 64, 44, 6, 7, 6
2020/7/6, 102, 38, 14, 4, 7, 5
2020/7/7, 47, 41, 23, 6, 6, 5
2020/7/8, 62, 62, 96, 11, 8, 7
2020/7/9, 98, 59, 52, 8, 8, 5
2020/7/10, 65, 42, 17, 14, 5, 4
2020/7/11, 25, , , , , 
2020/7/14, 106, , , , , 
2020/7/17, 122, 56, 16, 5, 10, 4
2020/7/18, 76, 45, 49, 11, 9, 7
2020/7/19, 72, 28, 19, 13, 6, 1
2020/7/20, 58, , , , , 
2020/7/23, 119, 66, 43, 8, 11, 5
2020/7/24, 104, 46, 12, 5, 10, 3
2020/7/25, 69, 66, 30, 9, 12, 10
2020/7/26, 101, 72, 27, 10, 11, 5
2020/7/27, 91, 62, 34, 12, 9, 8
2020/7/28, 61, 54, 21, 13, 6, 8
2020/7/29, 65, 44, 39, 10, 10, 8
2020/7/30, 55, 65, 15, 8, 10, 4
2020/7/31, 104, 48, 30, 7, 9, 8
2020/8/1, 74, 54, 33, 10, 9, 8
2020/8/2, 63, 57, 30, 12, 11, 7
2020/8/3, 61, 52, 31, 10, 10, 8
2020/8/4, 67, , , , , 
2020/8/6, 27, 44, 24, 7, 11, 7
2020/8/7, 57, 72, 56, 11, 12, 8
2020/8/8, 120, 49, 26, 6, 11, 7
2020/8/9, 83, 50, 13, 4, 9, 7
2020/8/10, 80, 61, 33, 6, 9, 8
2020/8/11, 108, 52, 22, 6, 9, 6
2020/8/12, 59, 24, 6, 7, 12, 7
2020/8/13, 40, 36, 11, 7, 13, 7
2020/8/14, 49, 46, 23, 1, 8, 9
2020/8/15, 78, 35, 23, 1, 8, 8
2020/8/16, 51, 47, 31, 5, 8, 11
2020/8/17, 72, 48, 22, 9, 8, 7
2020/8/18, 62, 32, 12, 10, 8, 7
2020/8/19, 52, 29, 20, 7, 6, 7
2020/8/20, 51, 36, 20, 3, 11, 9
2020/8/21, 37, 38, 19, 1, 10, 7
2020/8/22, 35, 34, 21, , 9, 8
2020/8/23, 37, 32, 21, 3, 5, 8
2020/8/24, 26, 35, 22, 3, 8, 8
2020/8/25, 36, 44, 44, 7, 8, 9
2020/8/26, 41, 56, 27, 10, 10, 13
2020/8/27, 65, 61, 38, 11, 9, 10
2020/8/28, 98, 69, 19, 18, 13, 6
2020/8/29, 99, 39, 15, 4, 8, 7
2020/8/30, 42, 26, 19, 3, 7, 7
2020/8/31, 20, 41, 27, 5, 8, 7
2020/9/1, 42, 60, 63, 8, 9, 8
2020/9/2, 73, 64, 23, 4, 8, 8
2020/9/3, 88, 62, 27, 4, 8, 8
2020/9/4, 102, 69, 37, 11, 10, 10
2020/9/5, 112, 64, 68, 8, 10, 9
2020/9/6, 115, 75, 57, 13, 11, 8
2020/9/7, 122, 71, 95, 8, 11, 10
2020/9/8, 98, 87, 55, 12, 12, 5
2020/9/9, 129, 84, 46, 7, 9, 7
2020/9/10, 124, 101, 65, 9, 14, 7
2020/9/11, 136, 105, 33, 11, 18, 10
2020/9/12, 140, 98, 41, 7, 20, 10
2020/9/13, 144, 114, 113, 12, 18, 8
2020/9/14, 158, 114, 107, 14, 19, 7
2020/9/15, 157, 117, 49, 13, 14, 7
2020/9/16, 148, 89, 39, 8, 11, 6
2020/9/17, 114, 87, 37, 10, 10, 9
2020/9/18, 104, 98, 59, 9, 13, 6
2020/9/19, 137, 113, 69, 8, 14, 6
2020/9/20, 157, 111, 53, 8, 15, 10
2020/9/21, 151, 68, 22, 6, 15, 9
2020/9/22, 78, 56, 25, 4, 9, 7
2020/9/23, 56, 71, 54, 7, 23, 8
2020/9/24, 94, 105, 60, 15, 9, 11
2020/9/25, 115, 126, 19, 21, 21, 8
2020/9/26, 138, 84, 50, 14, 10, 9
2020/9/27, 91, 126, 49, 17, 13, 7
2020/9/28, 139, 130, 48, 12, 13, 5
2020/9/29, 146, 112, 49, 12, 10, 9
2020/9/30, 132, 133, 55, 19, 14, 8
2020/4/1, 84, 50, 42, 5, 9, 4
2020/4/2, 66, 44, 78, 7, 19, 3
2020/4/3, 59, 56, 130, 9, 15, 4
2020/4/4, 83, 75, 26, 8, 21, 6
2020/4/5, 127, 86, 44, 8, 20, 6
2020/4/6, 129, 71, 34, 6, 13, 3
2020/4/7, 70, 63, 28, 6, 14, 3
2020/4/8, 72, 54, 25, 6, 10, 4
2020/4/9, 75, 72, 42, 12, 23, 6
2020/4/10, 114, 99, 39, 9, 26, 7
2020/4/11, 139, 61, 40, 6, 14, 4
2020/4/12, 74, 82, 159, 10, 19, 6
2020/4/13, 118, 95, 45, 13, 18, 7
2020/4/14, 127, 126, 48, 13, 8, 7
2020/4/15, 131, 160, 56, 13, 14, 7
2020/4/16, 155, 72, 39, 5, 9, 4
2020/4/17, 74, 72, 39, 5, 6, 4
2020/4/18, 71, 56, 38, 12, 10, 6
2020/4/19, 87, 78, 30, 12, 10, 6
2020/4/20, 106, 67, 42, 8, 13, 5
2020/4/21, 101, 102, 48, 14, 15, 8
2020/4/22, 140, 82, 36, 13, 8, 7
2020/4/23, 119, 84, 49, 10, 8, 7
2020/4/24, 128, 61, 42, 8, 8, 5
2020/4/25, 72, 75, 26, 5, 7, 5
2020/4/26, 111, 55, 35, 4, 5, 4
2020/4/27, 74, 66, 41, 7, 7, 6
2020/4/28, 107, 69, 52, 6, 8, 6
2020/4/29, 126, 72, 52, 7, 8, 6
2020/4/30, 122, 89, 52, 7, 8, 5
2020/5/1, 135, 68, 42, 4, 6, 5
2020/5/2, 86, 62, 29, 5, 7, 5
2020/5/3, 91, 44, 43, 6, 11, 5
2020/5/4, 75, 84, 56, 10, 17, 7
2020/5/5, 129, 92, 49, 10, 10, 7
2020/5/6, 130, 67, 69, 8, 8, 5
2020/5/7, 75, 73, 83, 7, 8, 6
2020/5/8, 115, 76, 70, 6, 8, 6
2020/5/9, 128, 74, 35, 7, 7, 5
2020/5/10, 115, 61, 58, 9, 7, 5
2020/5/11, 105, 60, 53, 8, 8, 6
2020/5/12, 110, 82, 52, 9, 12, 7
2020/5/13, 146, 80, 72, 15, 11, 7
2020/5/14, 118, 76, 65, 14, 15, 6
2020/5/15, 123, 93, 84, 14, 12, 6
2020/5/16, 146, 104, 91, 17, 18, 8
2020/5/17, 151, 161, 88, 22, 30, 10
2020/5/18, 154, 144, 99, 27, 24, 12
2020/5/19, 175, 109, 88, 14, 15, 6
2020/5/20, 126, 105, 85, 14, 10, 5
2020/5/21, 109, 145, 125, 33, 14, 12
2020/5/22, 166, 138, 89, 17, 12, 7
2020/5/23, 148, 138, 81, 11, 21, 6
2020/5/24, 134, 105, 67, 17, 19, 6
2020/5/25, 130, 115, 58, 21, 11, 8
2020/5/26, 118, 105, 107, 9, 9, 4
2020/5/27, 99, 144, 48, 4, 8, 5
2020/5/28, 89, 54, 37, 5, 7, 4
2020/5/29, 64, 39, 47, 4, 6, 4
2020/5/30, 57, 33, 26, 6, 6, 4
2020/5/31, 57, 63, 69, 9, 18, 6
2020/6/1, 101, 72, 75, 8, 15, 6
2020/6/2, 105, 94, 92, 14, 15, 7
2020/6/3, 140, 103, 43, 16, 13, 8
2020/6/4, 136, 66, 57, 7, 8, 5
2020/6/5, 103, 61, 63, 6, 7, 5
2020/6/6, 81, 69, 44, 7, 10, 5
2020/6/7, 94, 78, 74, 9, 16, 6
2020/6/8, 118, 96, 86, 12, 27, 7
2020/6/9, 138, 100, 94, 16, 18, 7
2020/6/10, 135, 98, 55, 12, 19, 7
2020/6/11, 127, 97, 64, 8, 9, 6
2020/6/12, 140, 105, 30, 9, 9, 7
2020/6/13, 129, 112, 46, 10, 13, 8
2020/6/14, 139, 90, 70, 9, 10, 6
2020/6/15, 108, 74, 61, 7, 8, 6
2020/6/16, 88, 69, 38, 4, 7, 5
2020/6/17, 81, 71, 68, 5, 9, 5
2020/6/18, 86, 118, 42, 5, 9, 6
2020/6/19, 112, 82, 32, 10, 8, 6
2020/6/20, 76, 74, 33, 9, 9, 6
2020/6/21, 97, 62, 58, 8, 8, 7
2020/6/22, 97, 51, 13, 4, 7, 5
2020/6/23, 70, 54, 2, 6, 9, 5
2020/6/24, 82, 67, 10, 10, 14, 7
2020/6/25, 109, 82, 10, 9, 10, 7
2020/6/26, 108, 116, 2, 11, 6, 5
2020/6/27, 80, 241, 5, 9, 14, 5
2020/6/28, 110, 127, 13, 8, 11, 5
2020/6/29, 103, 73, 14, 4, 7, 5
2020/6/30, 96, 83, 24, 6, 7, 5
2020/1/1, 415, 359, 11, 42, 10, 23
2020/1/2, 324, 243, 9, 34, 13, 25
2020/1/3, 244, 291, 31, 44, 9, 23
2020/1/4, 337, 158, 37, 37, 9, 10
2020/1/5, 242, 158, 15, 37, 10, 11
2020/1/6, 221, 115, 6, 25, 7, 9
2020/1/7, 199, 110, 7, 21, 2, 11
2020/1/8, 204, 95, 10, 18, 6, 7
2020/1/9, 176, 132, 17, 33, 5, 13
2020/1/10, 203, 183, 24, 39, 7, 14
2020/1/11, 221, 301, 30, 44, 7, 
2020/1/12, 315, 214, 12, 30, 6, 18
2020/1/13, 291, 138, 9, 23, 3, 10
2020/1/14, 229, 132, 12, 26, 8, 9
2020/1/15, 206, 133, 6, 24, 9, 10
2020/1/16, 218, 95, 8, 22, 4, 9
2020/1/17, 172, 160, 13, 29, 7, 13
2020/1/18, 225, 136, 2, 25, 2, 9
2020/1/19, 207, 244, 9, 42, 3, 21
2020/1/20, 277, 243, 14, 32, 3, 16
2020/1/21, 294, 198, 13, 35, 5, 16
2020/1/22, 264, 92, 21, 25, 5, 5
2020/1/23, 145, 101, 29, 31, 6, 8
2020/1/24, 159, 188, 26, 43, 7, 13
2020/1/25, 233, 286, 18, 34, 7, 22
2020/1/26, 321, 273, 11, 38, 7, 24
2020/1/27, 311, 93, 13, 18, 6, 8
2020/1/28, 178, 98, 11, 25, 6, 8
2020/1/29, 165, 105, 14, 24, 7, 7
2020/1/30, 168, 104, 16, 26, 9, 8
2020/1/31, 165, 139, 16, 27, 14, 10
2020/2/1, 201, 114, 18, 24, 6, 9
2020/2/2, 184, 186, 21, 33, 7, 15
2020/2/3, 226, 223, 18, 32, 9, 16
2020/2/4, 262, 155, 13, 25, 8, 9
2020/2/5, 221, 123, 22, 26, 12, 9
2020/2/6, 190, 146, 21, 29, 21, 10
2020/2/7, 209, 143, 40, 26, 13, 9
2020/2/8, 207, 159, 30, 27, 11, 12
2020/2/9, 215, 216, 39, 32, 11, 18
2020/2/10, 250, 212, 102, 32, 10, 14
2020/2/11, 264, 162, 19, 28, 9, 10
2020/2/12, 231, 108, 12, 20, 9, 7
2020/2/13, 168, 106, 11, 16, 9, 6
2020/2/14, 146, 104, 22, 23, 10, 8
2020/2/15, 158, 141, 31, 27, 12, 12
2020/2/16, 192, 184, 35, 29, 10, 15
2020/2/17, 227, 158, 20, 32, 9, 17
2020/2/18, 187, 220, 17, 24, 11, 19
2020/2/19, 226, 130, 15, 9, 9, 6
2020/2/20, 175, 58, 12, 10, 6, 6
2020/2/21, 113, 101, 15, 18, 10, 13
2020/2/22, 148, , 39, 15, 15, 7
2020/2/23, 168, 104, 53, 20, 24, 8
2020/2/24, 151, 131, 55, 22, 15, 10
2020/2/25, 192, 163, 60, 25, 11, 13
2020/2/26, 212, 119, 27, 16, 8, 7
2020/2/27, 176, 100, 30, 13, 6, 6
2020/2/28, 166, 76, 24, 15, 7, 6
2020/2/29, 140, 90, 36, 24, 8, 15
2020/3/1, 113, 161, 77, 35, 21, 16
2020/3/2, 192, 135, 6, 38, 25, 10
2020/3/3, 169, 118, 32, 23, 12, 7
2020/3/4, 148, 58, 25, 13, 8, 5
2020/3/5, 93, 33, 19, 17, 5, 3
2020/3/6, 59, 63, 27, 18, 7, 6
2020/3/7, 99, 124, 29, 30, 10, 9
2020/3/8, 172, 86, 27, 21, 9, 6
2020/3/9, 119, 100, 38, 18, 11, 6
2020/3/10, 157, 78, 28, 14, 8, 5
2020/3/11, 138, 106, 21, 19, 10, 7
2020/3/12, 141, 100, 36, 22, 8, 5
2020/3/13, 122, 53, 29, 13, 9, 4
2020/3/14, 83, 85, 21, 24, 6, 6
2020/3/15, 122, 97, 36, 28, 9, 8
2020/3/16, 145, 104, 44, 30, 10, 9
2020/3/17, 137, 121, 29, 30, 22, 9
2020/3/18, 157, 129, 28, 32, 19, 10
2020/3/19, 177, 142, 33, 36, 16, 15
2020/3/20, 173, 118, 34, 28, 13, 10
2020/3/21, 159, 88, 32, 13, 19, 6
2020/3/22, 152, 79, 27, 14, 26, 6
2020/3/23, 130, 88, 26, 11, 16, 7
2020/3/24, 154, 56, 12, 8, 5, 5
2020/3/25, 97, 60, 10, 7, 5, 5
2020/3/26, 101, 28, 11, 6, 3, 4
2020/3/27, 48, 30, 18, 6, 6, 4
2020/3/28, 54, 45, 16, 5, 6, 3
2020/3/29, 54, 47, 21, 7, 4, 3
2020/3/30, 71, 54, 21, 6, 7, 4
2020/3/31, 79, 55, 23, 6, 9, 4
2019/12/3, 205, 221, 42, 57, 10, 23
2019/12/4, 261, 300, 50, 60, 27, 20
2019/12/5, 357, 228, 41, 45, 14, 16
2019/12/6, 307, 243, 69, 46, 14, 12
2019/12/7, 304, 280, 121, 50, 12, 
2019/12/8, 340, 276, 63, 53, 14, 13
2019/12/9, 320, 325, 108, 58, 10, 10
2019/12/10, 356, 393, 39, 57, 9, 5
2019/12/11, 398, 311, 26, 36, 10, 1
2019/12/12, 358, , , , , 
2019/12/14, 167, 104, 43, 26, 17, 
2019/12/15, 183, 100, 5, 22, 1, 
2019/12/16, 186, 114, 10, 21, 4, 1
2019/12/17, 197, 153, 19, 30, 5, 1
2019/12/18, 237, 158, 3, 23, 2, 
2019/12/19, 256, 564, 13, 49, 4, 3
2019/12/20, 496, 313, 37, 33, 5, 1
2019/12/21, 358, 139, 13, 20, 5, 1
2019/12/22, 221, 190, 9, 20, 7, 9
2019/12/23, 265, 316, 13, 40, 7, 17
2019/12/24, 341, 166, 15, 24, 6, 10
2019/12/25, 235, 190, 12, 27, 4, 11
2019/12/26, 266, 271, 14, 29, 12, 12
2019/12/27, 317, 310, 10, 32, 4, 18
2019/12/28, 338, 371, 24, 37, 11, 19
2019/12/29, 380, , , , , 
2024/12/31, , 158, 1, 48, 3, 3
2024/7/10, , 126, 23, 17, 8, 5
2024/4/2, , 97, 13, 25, 13, 4
2024/4/6, , 98, 13, 21, 5, 4
2024/4/12, , 124, 11, 22, 6, 6
2024/4/26, , 145, 37, 13, 6, 6
2024/5/12, , 160, 21, 18, 1, 11
2024/3/15, , 258, 31, 30, 5, 9
2023/11/18, , 367, 62, 60, 5, 5
2023/11/21, , 193, 11, 44, 5, 1
2023/12/6, , 158, 27, 62, 5, 5
2023/12/13, , 165, 11, 61, 5, 4
2023/4/2, , 81, 18, 14, 11, 17
2023/5/21, , 120, 16, 18, 4, 16
2022/10/23, , 210, 6, 33, 6, 13
2022/7/18, , 82, 6, 2, 1, 10
2021/5/7, , 100, 83, 8, 12, 8
2021/6/13, , 85, 47, 13, 7, 9
2021/2/5, , 112, 27, 25, 6, 7
2021/3/8, , 149, 44, 3, 4, 5
2020/12/6, , 358, 26, 58, 3, 32
2020/7/13, , 129, 58, 9, 6, 4
2020/7/16, , 76, 20, 10, 9, 6
2020/7/22, , 77, 74, 20, 12, 9
2020/8/5, , 54, 12, 7, 9, 2
2019/12/31, , 423, 15, 42, 8, 15
2019/12/2, , 148, 23, 49, 4, 23
2019/12/13, , 98, 17, 31, 8, 3
2023/4/23, , , 17, 10, 10, 13